;Gene;Gene human;effect;change type;expression evaluation by;sample;model organism;line;sex;change percentage;p_value;age of control - min;age of experiment - min;age of control - mean;age of experiment - mean;age of control - max;age of experiment - max;age unit;doi;pmid;;;;;
1;Acox1;ACOX1;increase;increased gene expression;mRNA;acoustic nerve;mouse;C57BL/6;male;100,00;;n/a;n/a;2;8;n/a;n/a;months;10.1016/j.bbadis.2013.10.017;n/a;;;;;
2;Adamts1;ADAMTS1;increase;increased gene expression;mRNA;acoustic nerve;mouse;C57BL/6;both;30,00;;n/a;n/a;4;11;n/a;n/a;months;10.1152/ajpendo.00040.2016;n/a;;;;;
3;Adamts1;ADAMTS1;increase;increased gene expression;mRNA;acoustic nerve;mouse;C57BL/6;both;96,00;;n/a;n/a;4;23.5;n/a;n/a;months;10.1152/ajpendo.00040.2016;n/a;;;;;
4;Akt1s1;AKT1S1;decrease;decreased gene expression;mRNA;acoustic nerve;mouse;C57BL/6;female;-47,04;<0.01;n/a;n/a;6;24;n/a;n/a;months;10.1002/cbf.3539;n/a;;;;;
5;Apc;APC;decrease;decreased gene expression;mRNA;acoustic nerve;mouse;C57BL/6J;male;-50,00;;n/a;n/a;5;24;n/a;n/a;months;10.1007/s11357-014-9618-3;n/a;;;;;
6;Apc;APC;decrease;decreased gene expression;mRNA;aorta;mouse;C57BL/6J;male;-45,00;;n/a;n/a;5;36;n/a;n/a;months;10.1007/s11357-014-9618-3;n/a;;;;;
7;Atp5o;ATP5O;increase;increased gene expression;mRNA;aorta;mouse;wild type;both;105,70;;n/a;n/a;5;24;n/a;n/a;months;10.1016/j.jid.2018.02.023;n/a;;;;;
8;Bad;BAD;increase;increased gene expression;mRNA;aorta;mouse;SAMP8;male;58,30;;n/a;n/a;2;10;n/a;n/a;months;10.1089/rej.2011.1166;n/a;;;;;
9;Bak1;BAK1;increase;increased gene expression;mRNA;aortic valves;mouse;C57BL/6J;both;108,00;;n/a;n/a;5;15;n/a;n/a;months;10.1073/pnas.0908786106;n/a;;;;;
10;Birc5;BIRC5;decrease;decreased gene expression;mRNA;aortic valves;mouse;C57BL/6;both;-65,00;;n/a;n/a;3;13;n/a;n/a;months;10.1111/j.1474-9726.2012.00816.x;n/a;;;;;
11;Bmi1;BMI1;decrease;decreased gene expression;mRNA;aortic valves;mouse;C57BL/6J;both;-60,00;;n/a;n/a;2;24;n/a;n/a;months;10.1371/journal.pone.0031870;n/a;;;;;
12;Brca1;BRCA1;decrease;decreased gene expression;mRNA;aortic valves;mouse;FVB;female;-50,00;;n/a;n/a;4.5;11.5;n/a;n/a;months;10.1126/scitranslmed.3004925;n/a;;;;;
13;Brca2;BRCA2;increase;increased gene expression;mRNA;aortic valves;mouse;FVB;female;160,00;;n/a;n/a;4.5;11.5;n/a;n/a;months;10.1126/scitranslmed.3004925;n/a;;;;;
14;Btrc;BTRC;decrease;decreased gene expression;mRNA;astrocytes;mouse;C57BL/6J;male;-20,00;;n/a;n/a;5;24;n/a;n/a;months;10.1007/s11357-014-9618-3;n/a;;;;;
15;Btrc;BTRC;decrease;decreased gene expression;mRNA;astrocytes;mouse;C57BL/6J;male;-50,00;;n/a;n/a;5;36;n/a;n/a;months;10.1007/s11357-014-9618-3;n/a;;;;;
16;C1qb;C1QB;increase;increased gene expression;mRNA;bone;mouse;C57BL/6N;n/a;n/a;;n/a;n/a;6;24;n/a;n/a;months;10.1016/j.exger.2018.05.001;n/a;;;;;
17;C1qb;C1QB;increase;increased gene expression;mRNA;bone;mouse;C57BL/6J;male;230,00;;n/a;n/a;91;910;n/a;n/a;days;10.1371/journal.pgen.1000161;n/a;;;;;
18;C1qb;C1QB;increase;increased gene expression;mRNA;bone;mouse;C57BL/6J;female;110,00;;n/a;n/a;91;910;n/a;n/a;days;10.1371/journal.pgen.1000161;n/a;;;;;
19;Cacna1a;CACNA1A;decrease;decreased gene expression;mRNA;bone;mouse;C57BL/6;both;-25,00;;n/a;n/a;21;22;n/a;n/a;months;10.1016/j.jns.2011.03.010;n/a;;;;;
20;Cacna1a;CACNA1A;increase;increased gene expression;mRNA;bone;mouse;C57BL/6;both;25,00;;n/a;n/a;12;15;n/a;n/a;months;10.1016/j.jns.2011.03.010;n/a;;;;;
21;Cacna1a;CACNA1A;increase;increased gene expression;mRNA;bone;mouse;C57BL/6;both;34,00;;n/a;n/a;12;21;n/a;n/a;months;10.1016/j.jns.2011.03.010;n/a;;;;;
22;Ccn4;CCN4;decrease;decreased gene expression;mRNA;bone;mouse;C57BL/6J;male;-58,00;;n/a;n/a;5;24;n/a;n/a;months;10.1007/s11357-014-9618-3;n/a;;;;;
23;Ccn4;CCN4;decrease;decreased gene expression;mRNA;bone;mouse;C57BL/6J;male;-50,00;;n/a;n/a;5;36;n/a;n/a;months;10.1007/s11357-014-9618-3;n/a;;;;;
24;Ccnd1;CCND1;increase;increased gene expression;mRNA;bone;mouse;C57BL/6J;male;55,00;;n/a;n/a;5;24;n/a;n/a;months;10.1007/s11357-014-9618-3;n/a;;;;;
25;Ccnd1;CCND1;increase;increased gene expression;mRNA;bone;mouse;C57BL/6J;male;140,00;;n/a;n/a;5;36;n/a;n/a;months;10.1007/s11357-014-9618-3;n/a;;;;;
26;Ccnd2;CCND2;decrease;decreased gene expression;mRNA;bone;mouse;C57BL/6J;male;-9,00;;n/a;n/a;5;24;n/a;n/a;months;10.1007/s11357-014-9618-3;n/a;;;;;
27;Ccnd2;CCND2;decrease;decreased gene expression;mRNA;bone;mouse;C57BL/6J;male;-50,00;;n/a;n/a;5;36;n/a;n/a;months;10.1007/s11357-014-9618-3;n/a;;;;;
28;Ccnd2;CCND2;increase;increased gene expression;mRNA;bone;mouse;C57BL/6J;male;140,00;;n/a;n/a;5;36;n/a;n/a;months;10.1007/s11357-014-9618-3;n/a;;;;;
29;Cdkn1a;CDKN1A;increase;increased gene expression;mRNA;bone;mouse;BALB/c;female;900,00;;n/a;n/a;3;24;n/a;n/a;months;10.1038/s41418-019-0467-6;n/a;;;;;
30;Cdkn1a;CDKN1A;increase;increased gene expression;mRNA;bone;mouse;BALB/c;female;150,00;;n/a;n/a;3;24;n/a;n/a;months;10.1038/s41418-019-0467-6;n/a;;;;;
31;Cdkn1a;CDKN1A;increase;increased gene expression;mRNA;bone;mouse;BALB/c;female;200,00;;n/a;n/a;3;24;n/a;n/a;months;10.1038/s41418-019-0467-6;n/a;;;;;
32;Cdkn1a;CDKN1A;increase;increased gene expression;mRNA;bone diaphyseal part;mouse;BALB/c;female;150,00;;n/a;n/a;3;24;n/a;n/a;months;10.1038/s41418-019-0467-6;n/a;;;;;
33;Cdkn1a;CDKN1A;increase;increased gene expression;mRNA;bone diaphyseal part;mouse;BALB/c;female;1 900,00;;n/a;n/a;3;24;n/a;n/a;months;10.1038/s41418-019-0467-6;n/a;;;;;
34;Cdkn1a;CDKN1A;increase;increased gene expression;mRNA;bone epiphyseal part;mouse;BALB/c;female;300,00;;n/a;n/a;3;24;n/a;n/a;months;10.1038/s41418-019-0467-6;n/a;;;;;
35;Cdkn1a;CDKN1A;increase;increased gene expression;mRNA;bone epiphyseal part;mouse;BALB/c;female;150,00;;n/a;n/a;3;24;n/a;n/a;months;10.1038/s41418-019-0467-6;n/a;;;;;
36;Cdkn1a;CDKN1A;increase;increased gene expression;mRNA;bone marrow;mouse;CD-1;male;70,00;;n/a;n/a;2;12;n/a;n/a;months;10.1152/ajprenal.00328.2018;n/a;;;;;
37;Cdkn1a;CDKN1A;increase;increased gene expression;mRNA;bone marrow;mouse;CD-1;male;180,00;;n/a;n/a;2;24;n/a;n/a;months;10.1152/ajprenal.00328.2018;n/a;;;;;
38;Cdkn1a;CDKN1A;increase;increased gene expression;mRNA;bone metaphyseal part;mouse;CD-1;male;250,00;;n/a;n/a;2;24;n/a;n/a;months;10.1152/ajprenal.00328.2018;n/a;;;;;
39;Cdkn2a;CDKN2A;increase;increased gene expression;mRNA;bone metaphyseal part;mouse;CB6F1;female;185,00;;n/a;n/a;4;12;n/a;n/a;months;10.3389/fgene.2018.00059;n/a;;;;;
40;Cdkn2a;CDKN2A;increase;increased gene expression;mRNA;brain;mouse;CB6F1;female;225,00;;n/a;n/a;4;24;n/a;n/a;months;10.3389/fgene.2018.00059;n/a;;;;;
41;Cdkn2a;CDKN2A;increase;increased gene expression;mRNA;brain;mouse;CB6F1;female;650,00;;n/a;n/a;4;30;n/a;n/a;months;10.3389/fgene.2018.00059;n/a;;;;;
42;Cdkn2a;CDKN2A;increase;increased gene expression;mRNA;brain;mouse;CB6F1;female;400,00;;n/a;n/a;4;12;n/a;n/a;months;10.3389/fgene.2018.00059;n/a;;;;;
43;Cdkn2a;CDKN2A;increase;increased gene expression;mRNA;brain;mouse;CB6F1;female;450,00;;n/a;n/a;4;24;n/a;n/a;months;10.3389/fgene.2018.00059;n/a;;;;;
44;Cdkn2a;CDKN2A;increase;increased gene expression;mRNA;brain;mouse;CB6F1;female;900,00;;n/a;n/a;4;30;n/a;n/a;months;10.3389/fgene.2018.00059;n/a;;;;;
45;Cdkn2a;CDKN2A;increase;increased gene expression;mRNA;brain;mouse;CB6F1;female;40,00;;n/a;n/a;4;12;n/a;n/a;months;10.3389/fgene.2018.00059;n/a;;;;;
46;Cdkn2a;CDKN2A;increase;increased gene expression;mRNA;brain;mouse;CB6F1;female;70,00;;n/a;n/a;4;24;n/a;n/a;months;10.3389/fgene.2018.00059;n/a;;;;;
47;Cdkn2a;CDKN2A;increase;increased gene expression;mRNA;brain;mouse;CB6F1;female;275,00;;n/a;n/a;4;30;n/a;n/a;months;10.3389/fgene.2018.00059;n/a;;;;;
48;Cisd2;CISD2;decrease;decreased gene expression;mRNA;brain;mouse;C57BL/6;male;-56,00;;n/a;n/a;2;28;n/a;n/a;months;10.1111/j.1749-6632.2010.05619.x;n/a;;;;;
49;Cisd2;CISD2;decrease;decreased gene expression;mRNA;brain;mouse;C57BL/6;male;-13,00;;n/a;n/a;2;6;n/a;n/a;months;10.1111/j.1749-6632.2010.05619.x;n/a;;;;;
50;Cisd2;CISD2;decrease;decreased gene expression;mRNA;brain;mouse;C57BL/6;male;-26,00;;n/a;n/a;2;15;n/a;n/a;months;10.1111/j.1749-6632.2010.05619.x;n/a;;;;;
51;Cisd2;CISD2;decrease;decreased gene expression;mRNA;brain;mouse;C57BL/6;male;-26,00;;n/a;n/a;2;15;n/a;n/a;months;10.1111/j.1749-6632.2010.05619.x;n/a;;;;;
52;Col3a1;COL3A1;decrease;decreased gene expression;mRNA;brain;mouse;Agouti;female;-93,00;<0.01;8;89;10.4;92.6;12;n/a;weeks;10.1007/s00223-014-9843-x;n/a;;;;;
53;Col4a1;COL4A1;decrease;decreased gene expression;mRNA;brain;mouse;B6xSJL F1;both;-80,00;;n/a;n/a;5;8;n/a;n/a;weeks;10.1152/ajprenal.1992.263.5.F951;n/a;;;;;
54;Col4a1;COL4A1;decrease;decreased gene expression;mRNA;brain;mouse;B6xSJL F1;both;-65,00;;n/a;n/a;5;8;n/a;n/a;weeks;10.1152/ajprenal.1992.263.5.F951;n/a;;;;;
55;Col4a1;COL4A1;decrease;decreased gene expression;mRNA;brain;mouse;ICR;male;-71,00;;n/a;n/a;1;18;n/a;n/a;months;10.1371/journal.pone.0048974;n/a;;;;;
56;Col4a1;COL4A1;decrease;decreased gene expression;mRNA;brain;mouse;ICR;male;-80,00;;n/a;n/a;1;18;n/a;n/a;months;10.1371/journal.pone.0048974;n/a;;;;;
57;Col4a1;COL4A1;decrease;decreased gene expression;mRNA;brain;mouse;ICR;male;-71,00;;n/a;n/a;1;18;n/a;n/a;months;10.1371/journal.pone.0048974;n/a;;;;;
58;Col4a1;COL4A1;decrease;decreased gene expression;mRNA;brain;mouse;ICR;male;-81,00;;n/a;n/a;1;18;n/a;n/a;months;10.1371/journal.pone.0048974;n/a;;;;;
59;Col4a2;COL4A2;decrease;decreased gene expression;mRNA;brain;mouse;B6xSJL F1;both;-64,00;;n/a;n/a;5;8;n/a;n/a;weeks;10.1152/ajprenal.1992.263.5.F951;n/a;;;;;
60;Col4a2;COL4A2;decrease;decreased gene expression;mRNA;brain;mouse;n/a;both;-48,00;;n/a;n/a;5;12;n/a;n/a;weeks;10.1152/ajprenal.1992.263.5.F951;n/a;;;;;
61;Col4a2;COL4A2;decrease;decreased gene expression;mRNA;brain;mouse;ICR;male;-67,00;;n/a;n/a;1;18;n/a;n/a;months;10.1371/journal.pone.0048974;n/a;;;;;
62;Col4a2;COL4A2;decrease;decreased gene expression;mRNA;brain;mouse;ICR;male;-76,00;;n/a;n/a;1;18;n/a;n/a;months;10.1371/journal.pone.0048974;n/a;;;;;
63;Col4a2;COL4A2;decrease;decreased gene expression;mRNA;brain;mouse;ICR;male;-76,00;;n/a;n/a;1;18;n/a;n/a;months;10.1371/journal.pone.0048974;n/a;;;;;
64;Col4a2;COL4A2;decrease;decreased gene expression;mRNA;brain;mouse;ICR;male;-76,00;;n/a;n/a;1;18;n/a;n/a;months;10.1371/journal.pone.0048974;n/a;;;;;
65;Col4a3;COL4A3;decrease;decreased gene expression;mRNA;brain;mouse;ICR;male;-48,00;;n/a;n/a;1;18;n/a;n/a;months;10.1371/journal.pone.0048974;n/a;;;;;
66;Col4a3;COL4A3;decrease;decreased gene expression;mRNA;brain;mouse;ICR;male;-57,00;;n/a;n/a;1;18;n/a;n/a;months;10.1371/journal.pone.0048974;n/a;;;;;
67;Col4a3;COL4A3;decrease;decreased gene expression;mRNA;brain;mouse;ICR;male;-33,00;;n/a;n/a;1;18;n/a;n/a;months;10.1371/journal.pone.0048974;n/a;;;;;
68;Col4a4;COL4A4;decrease;decreased gene expression;mRNA;brain;mouse;ICR;male;-62,00;;n/a;n/a;1;18;n/a;n/a;months;10.1371/journal.pone.0048974;n/a;;;;;
69;Col4a4;COL4A4;decrease;decreased gene expression;mRNA;brain;mouse;ICR;male;-62,00;;n/a;n/a;1;18;n/a;n/a;months;10.1371/journal.pone.0048974;n/a;;;;;
70;Col4a5;COL4A5;decrease;decreased gene expression;mRNA;brain;mouse;ICR;male;-76,00;;n/a;n/a;1;18;n/a;n/a;months;10.1371/journal.pone.0048974;n/a;;;;;
71;Col4a5;COL4A5;decrease;decreased gene expression;mRNA;brain;mouse;ICR;male;-62,00;;n/a;n/a;1;18;n/a;n/a;months;10.1371/journal.pone.0048974;n/a;;;;;
72;Col4a5;COL4A5;decrease;decreased gene expression;mRNA;brain;mouse;ICR;male;-81,00;;n/a;n/a;1;18;n/a;n/a;months;10.1371/journal.pone.0048974;n/a;;;;;
73;Col4a5;COL4A5;decrease;decreased gene expression;mRNA;brain;mouse;ICR;male;-62,00;;n/a;n/a;1;18;n/a;n/a;months;10.1371/journal.pone.0048974;n/a;;;;;
74;Col4a6;COL4A6;decrease;decreased gene expression;mRNA;brain;mouse;ICR;male;-43,00;;n/a;n/a;1;18;n/a;n/a;months;10.1371/journal.pone.0048974;n/a;;;;;
75;Col4a6;COL4A6;decrease;decreased gene expression;mRNA;brain;mouse;ICR;male;-38,00;;n/a;n/a;1;18;n/a;n/a;months;10.1371/journal.pone.0048974;n/a;;;;;
76;Csf2;CSF2;increase;increased gene expression;mRNA;brain;mouse;C57BL/6;male;1 500,00;<0.05;n/a;n/a;2;16;n/a;n/a;weeks;10.1007/s11033-012-2219-2;n/a;;;;;
77;Ctf1;CTF1;increase;increased gene expression;mRNA;brain;mouse;C57BL/6;n/a;n/a;;n/a;n/a;4;8;n/a;n/a;months;10.4172/2155-9570.1000286;n/a;;;;;
78;Cxcl9;CXCL9;increase;increased gene expression;mRNA;brain;mouse;wild type;both;120,00;;n/a;n/a;3.5;24;n/a;n/a;months;10.1038/s43587-021-00082-y;n/a;;;;;
79;Cybb;CYBB;increase;increased gene expression;mRNA;brain;mouse;C57BL/6;male;118,00;<0.05;2;24;3;25;4;26;months;10.1007/s00395-015-0506-5;n/a;;;;;
80;Cybb;CYBB;increase;increased gene expression;mRNA;brain;mouse;C57BL/6;male;89,00;;n/a;n/a;3;25;n/a;n/a;months;10.1016/j.exger.2010.05.002;n/a;;;;;
81;Cybb;CYBB;increase;increased gene expression;mRNA;brain;mouse;C57Bl/6J x B6.129S7-Sod2tm1Leb/J;both;50,00;;n/a;n/a;3;20;n/a;n/a;months;10.1152/ajpheart.00735.2012;n/a;;;;;
82;Dbn1;DBN1;decrease;decreased gene expression;mRNA;brain;mouse;C57BL/6;both;-80,00;;n/a;n/a;1;60;n/a;n/a;days;10.1016/j.bbrc.2014.04.152;n/a;;;;;
#ÑÑÛËÊÀ!;Dhfr;DHFR;increase;increased gene expression;mRNA;brain;mouse;C57BL/6;male;30,00;;n/a;n/a;4;28;n/a;n/a;months;10.1016/j.mad.2009.07.007;n/a;;;;;
#ÑÑÛËÊÀ!;Dixdc1;DIXDC1;decrease;decreased gene expression;mRNA;brain;mouse;C57BL/6J;male;-50,00;;n/a;n/a;5;36;n/a;n/a;months;10.1007/s11357-014-9618-3;n/a;;;;;
#ÑÑÛËÊÀ!;Dixdc1;DIXDC1;decrease;decreased gene expression;mRNA;brain;mouse;C57BL/6J;male;-72,00;;n/a;n/a;5;24;n/a;n/a;months;10.1007/s11357-014-9618-3;n/a;;;;;
#ÑÑÛËÊÀ!;Dixdc1;DIXDC1;decrease;decreased gene expression;mRNA;brain;mouse;C57BL/6J;male;-68,00;;n/a;n/a;5;36;n/a;n/a;months;10.1007/s11357-014-9618-3;n/a;;;;;
#ÑÑÛËÊÀ!;Dvl2;DVL2;increase;increased gene expression;mRNA;brown adipose tissue;mouse;C57BL/6J;male;40,00;;n/a;n/a;5;24;n/a;n/a;months;10.1007/s11357-014-9618-3;n/a;;;;;
#ÑÑÛËÊÀ!;Dvl2;DVL2;increase;increased gene expression;mRNA;brown adipose tissue;mouse;C57BL/6J;male;130,00;;n/a;n/a;5;36;n/a;n/a;months;10.1007/s11357-014-9618-3;n/a;;;;;
#ÑÑÛËÊÀ!;E2f1;E2F1;decrease;decreased gene expression;mRNA;brown adipose tissue;mouse;C57BL/6;female;-38,00;;n/a;n/a;19;81;n/a;n/a;weeks;10.1016/j.gene.2016.11.006;n/a;;;;;
#ÑÑÛËÊÀ!;Efemp1;EFEMP1;increase;increased gene expression;mRNA;brown adipose tissue;mouse;C57BL/6J;male;250,00;ns;n/a;n/a;1;6;n/a;n/a;months;10.1002/path.5203;n/a;;;;;
#ÑÑÛËÊÀ!;Efemp1;EFEMP1;increase;increased gene expression;mRNA;brown adipose tissue;mouse;C57BL/6J;male;600,00;<0.05;n/a;n/a;1;12;n/a;n/a;months;10.1002/path.5203;n/a;;;;;
#ÑÑÛËÊÀ!;Efemp1;EFEMP1;increase;increased gene expression;mRNA;cardiac endothelial cells;mouse;C57BL/6J;male;400,00;<0.05;n/a;n/a;1;20;n/a;n/a;months;10.1002/path.5203;n/a;;;;;
#ÑÑÛËÊÀ!;Efemp1;EFEMP1;increase;increased gene expression;mRNA;CD4+ T cells;mouse;mixed;both;50,00;;n/a;n/a;5;12;n/a;n/a;months;10.1038/s41586-020-2975-4;n/a;;;;;
#ÑÑÛËÊÀ!;Efemp1;EFEMP1;increase;increased gene expression;mRNA;CD4+ T lymphocytes;mouse;C57BL/6J;male;100,00;;n/a;n/a;3;18;n/a;n/a;months;10.1172/jci.insight.131092;n/a;;;;;
#ÑÑÛËÊÀ!;Efemp1;EFEMP1;increase;increased gene expression;mRNA;CD4+ T lymphocytes;mouse;C57BL/6;n/a;n/a;;n/a;n/a;3.625;23.1;n/a;n/a;months;10.18632/aging.103652;n/a;;;;;
#ÑÑÛËÊÀ!;Egr1;EGR1;increase;increased gene expression;mRNA;CD8+ T lymphocytes;mouse;C57BL/6J;female;280,00;;n/a;n/a;6;36;n/a;n/a;weeks;10.1080/15384101.2016.1208873;n/a;;;;;
#ÑÑÛËÊÀ!;Fgf21;FGF21;decrease;decreased gene expression;mRNA;cingulate cortex;mouse;C57BL/6J;both;-60,00;;n/a;n/a;2;24;n/a;n/a;months;10.1073%2Fpnas.1514511113;n/a;;;;;
#ÑÑÛËÊÀ!;Flt1;FLT1;decrease;decreased gene expression;mRNA;cingulate cortex;mouse;ICR;male;-73,70;;n/a;n/a;11;65;n/a;n/a;weeks;10.1016/j.exger.2005.01.009;n/a;;;;;
#ÑÑÛËÊÀ!;Flt1;FLT1;decrease;decreased gene expression;mRNA;cohlea;mouse;CD1;female;-50,00;;n/a;n/a;2.5;25;n/a;n/a;months;10.1016/j.exger.2005.10.003;n/a;;;;;
#ÑÑÛËÊÀ!;Foxm1;FOXM1;decrease;decreased gene expression;mRNA;cohlea;mouse;C57BL6/J x DBA;male;-30,00;;n/a;n/a;2;4;n/a;n/a;months;10.2337/db15-0465;n/a;;;;;
#ÑÑÛËÊÀ!;Foxm1;FOXM1;decrease;decreased gene expression;mRNA;cohlea;mouse;C57BL6/J x DBA;male;-50,00;;n/a;n/a;2;8;n/a;n/a;months;10.2337/db15-0465;n/a;;;;;
#ÑÑÛËÊÀ!;Foxm1;FOXM1;decrease;decreased gene expression;mRNA;cohlea;mouse;C57BL6/J x DBA;male;-50,00;;n/a;n/a;2;12;n/a;n/a;months;10.2337/db15-0465;n/a;;;;;
#ÑÑÛËÊÀ!;Foxo1;FOXO1;decrease;decreased gene expression;mRNA;colon;mouse;outbreed;male;-34,98;;n/a;n/a;2;22;n/a;n/a;months;10.17179/excli2016-852;n/a;;;;;
#ÑÑÛËÊÀ!;Frzb;FRZB;increase;increased gene expression;mRNA;cortex;mouse;C57BL/6J;male;140,00;;n/a;n/a;5;24;n/a;n/a;months;10.1007/s11357-014-9618-3;n/a;;;;;
#ÑÑÛËÊÀ!;Frzb;FRZB;increase;increased gene expression;mRNA;cortex;mouse;C57BL/6J;male;135,00;;n/a;n/a;5;36;n/a;n/a;months;10.1007/s11357-014-9618-3;n/a;;;;;
#ÑÑÛËÊÀ!;Frzb;FRZB;increase;increased gene expression;mRNA;cortex in caudal diencephalon;mouse;C57BL/6J;male;140,00;;n/a;n/a;5;36;n/a;n/a;months;10.1007/s11357-014-9618-3;n/a;;;;;
#ÑÑÛËÊÀ!;Fzd2;FZD2;decrease;decreased gene expression;mRNA;cortex in caudal diencephalon;mouse;C57BL/6J;male;-30,00;;n/a;n/a;5;24;n/a;n/a;months;10.1007/s11357-014-9618-3;n/a;;;;;
#ÑÑÛËÊÀ!;Fzd2;FZD2;decrease;decreased gene expression;mRNA;cortex in ristral diencephalon;mouse;C57BL/6J;male;-65,00;;n/a;n/a;5;36;n/a;n/a;months;10.1007/s11357-014-9618-3;n/a;;;;;
#ÑÑÛËÊÀ!;Fzd3;FZD3;decrease;decreased gene expression;mRNA;cortical femur;mouse;C57BL/6J;male;-70,00;;n/a;n/a;5;24;n/a;n/a;months;10.1007/s11357-014-9618-3;n/a;;;;;
#ÑÑÛËÊÀ!;Fzd3;FZD3;decrease;decreased gene expression;mRNA;endothelial progenitor cells;mouse;C57BL/6J;male;-97,00;;n/a;n/a;5;36;n/a;n/a;months;10.1007/s11357-014-9618-3;n/a;;;;;
#ÑÑÛËÊÀ!;Fzd3;FZD3;decrease;decreased gene expression;mRNA;endothelial progenitor cells;mouse;C57BL/6J;male;-75,00;;n/a;n/a;5;24;n/a;n/a;months;10.1007/s11357-014-9618-3;n/a;;;;;
#ÑÑÛËÊÀ!;Fzd3;FZD3;decrease;decreased gene expression;mRNA;endothelial progenitor cells;mouse;C57BL/6J;male;-80,00;;n/a;n/a;5;36;n/a;n/a;months;10.1007/s11357-014-9618-3;n/a;;;;;
#ÑÑÛËÊÀ!;Fzd8;FZD8;decrease;decreased gene expression;mRNA;endothelial progenitor cells;mouse;C57BL/6J;male;-64,00;;n/a;n/a;5;36;n/a;n/a;months;10.1007/s11357-014-9618-3;n/a;;;;;
#ÑÑÛËÊÀ!;Fzd8;FZD8;increase;increased gene expression;mRNA;endothelial progenitor cells;mouse;C57BL/6J;male;40,00;;n/a;n/a;5;24;n/a;n/a;months;10.1007/s11357-014-9618-3;n/a;;;;;
#ÑÑÛËÊÀ!;Gclc;GCLC;decrease;decreased gene expression;mRNA;eye;mouse;C57BL/6;male;-39,00;;n/a;n/a;3;24;n/a;n/a;months;10.1016/s0531-5565(03)00036-6;n/a;;;;;
#ÑÑÛËÊÀ!;Gclc;GCLC;decrease;decreased gene expression;mRNA;fat;mouse;C57BL/6;male;-38,00;;n/a;n/a;3;24;n/a;n/a;months;10.1016/s0531-5565(03)00036-6;n/a;;;;;
#ÑÑÛËÊÀ!;Gclc;GCLC;decrease;decreased gene expression;mRNA;fat;mouse;C57BL/6;female;-37,00;;n/a;n/a;3;24;n/a;n/a;months;10.1016/s0531-5565(03)00036-6;n/a;;;;;
#ÑÑÛËÊÀ!;Gclc;GCLC;decrease;decreased gene expression;mRNA;fat;mouse;C57BL/6;female;-16,00;;n/a;n/a;3;24;n/a;n/a;months;10.1016/s0531-5565(03)00036-6;n/a;;;;;
#ÑÑÛËÊÀ!;Gclm;GCLM;decrease;decreased gene expression;mRNA;fat;mouse;C57BL/6;female;-20,00;;n/a;n/a;3;24;n/a;n/a;months;10.1016/s0531-5565(03)00036-6;n/a;;;;;
#ÑÑÛËÊÀ!;Gclm;GCLM;decrease;decreased gene expression;mRNA;frontal cortex;mouse;C57BL/6;male;-66,00;;n/a;n/a;3;24;n/a;n/a;months;10.1016/s0531-5565(03)00036-6;n/a;;;;;
#ÑÑÛËÊÀ!;Gdf11;GDF11;decrease;decreased gene expression;mRNA;ganglion;mouse;C57BL/6;male;-40,00;<0.01;n/a;n/a;3;21;n/a;n/a;months;10.1007/s00395-016-0593-y;n/a;;;;;
#ÑÑÛËÊÀ!;Gdf11;GDF11;increase;increased gene expression;mRNA;heart;mouse;BALB/c;male;200,00;;n/a;n/a;3;18;n/a;n/a;months;10.18632/oncotarget.19854;n/a;;;;;
#ÑÑÛËÊÀ!;Glo1;GLO1;increase;increased gene expression;mRNA;heart;mouse;CD-1;female;200,00;;n/a;n/a;12;14;n/a;n/a;months;10.1155/2016/3837623;n/a;;;;;
#ÑÑÛËÊÀ!;Gpcpd1;GPCPD1;decrease;decreased gene expression;mRNA;heart;mouse;C57BL/6;n/a;n/a;;n/a;n/a;5;27;n/a;n/a;months;10.1074/jbc.M110.106708;n/a;;;;;
#ÑÑÛËÊÀ!;Gpcpd1;GPCPD1;decrease;decreased gene expression;mRNA;heart;mouse;C57BL/6;n/a;n/a;;n/a;n/a;6;24;n/a;n/a;months;10.18632/aging.100677;n/a;;;;;
#ÑÑÛËÊÀ!;Gpcpd1;GPCPD1;increase;increased gene expression;mRNA;heart;mouse;C57BL/6J;n/a;n/a;;n/a;n/a;2;26;n/a;n/a;months;10.1152/physiolgenomics.00060.2007;n/a;;;;;
#ÑÑÛËÊÀ!;Gpcpd1;GPCPD1;increase;increased gene expression;mRNA;heart;mouse;DBA/2J;n/a;n/a;;n/a;n/a;2;18;n/a;n/a;months;10.1152/physiolgenomics.00060.2007;n/a;;;;;
#ÑÑÛËÊÀ!;Grsf1;GRSF1;decrease;decreased gene expression;mRNA;heart;mouse;C57BL/6;both;-95,00;;n/a;n/a;4;32;n/a;n/a;months;10.1038/s41598-019-42064-6;n/a;;;;;
#ÑÑÛËÊÀ!;Gsk3b;GSK3B;decrease;decreased gene expression;mRNA;heart;mouse;BALB/c;n/a;n/a;;n/a;n/a;3.5;20;n/a;n/a;months;10.1111/j.1474-9726.2011.00730.x;n/a;;;;;
#ÑÑÛËÊÀ!;Gsr;GSR;increase;increased gene expression;mRNA;heart;mouse;C57BL/6;male;50,00;;n/a;n/a;6;23;n/a;n/a;months;10.1152/ajpendo.00059.2011;n/a;;;;;
#ÑÑÛËÊÀ!;Hbp1;HBP1;increase;increased gene expression;mRNA;heart;mouse;C57BL/6;both;160,00;;n/a;n/a;5;25;n/a;n/a;months;10.1111/acel.12701;n/a;;;;;
#ÑÑÛËÊÀ!;Hdac1;HDAC1;increase;increased gene expression;mRNA;heart;mouse;C57BL/6;both;40,00;;n/a;n/a;3;18;n/a;n/a;months;10.1111/jcmm.13169;n/a;;;;;
#ÑÑÛËÊÀ!;Hdac1;HDAC1;increase;increased gene expression;mRNA;heart;mouse;C57BL/6;both;48,00;;n/a;n/a;6;20;n/a;n/a;months;10.18632/aging.101589;n/a;;;;;
#ÑÑÛËÊÀ!;Hdac2;HDAC2;decrease;decreased gene expression;mRNA;heart;mouse;C57BL/6J ? 129/Sv;both;-82,00;<0.01;n/a;n/a;0;8;n/a;n/a;weeks;10.1007/s00418-018-1687-4;n/a;;;;;
#ÑÑÛËÊÀ!;Hdac2;HDAC2;decrease;decreased gene expression;mRNA;heart;mouse;C57BL/6J ? 129/Sv;both;-73,00;<0.05;n/a;n/a;8;104;n/a;n/a;weeks;10.1007/s00418-018-1687-4;n/a;;;;;
#ÑÑÛËÊÀ!;Hdac2;HDAC2;decrease;decreased gene expression;mRNA;heart;mouse;C57BL/6;n/a;n/a;;n/a;n/a;3;16;n/a;n/a;months;10.1126/science.1186088;n/a;;;;;
#ÑÑÛËÊÀ!;Hdac3;HDAC3;decrease;decreased gene expression;mRNA;heart;mouse;C57BL/6J ? 129/Sv;both;-60,00;<0.05;n/a;n/a;0;8;n/a;n/a;weeks;10.1007/s00418-018-1687-4;n/a;;;;;
#ÑÑÛËÊÀ!;Hdac3;HDAC3;decrease;decreased gene expression;mRNA;heart;mouse;C57BL/6J ? 129/Sv;both;-80,00;<0.01;n/a;n/a;8;104;n/a;n/a;weeks;10.1007/s00418-018-1687-4;n/a;;;;;
#ÑÑÛËÊÀ!;Hdac3;HDAC3;decrease;reduced protein activity;mRNA;heart;mouse;C57BL/6;n/a;n/a;;n/a;n/a;3;21;n/a;n/a;months;10.1016/j.celrep.2014.09.048;n/a;;;;;
#ÑÑÛËÊÀ!;Hoxb7;HOXB7;decrease;decreased gene expression;mRNA;heart;mouse;FVB/N;both;-53,00;<0.05;n/a;n/a;11;90;n/a;n/a;days;10.1002/stem.1897;n/a;;;;;
#ÑÑÛËÊÀ!;Hoxb7;HOXB7;decrease;decreased gene expression;mRNA;heart;mouse;FVB/N;both;-65,50;<0.05;n/a;n/a;11;180;n/a;n/a;days;10.1002/stem.1897;n/a;;;;;
#ÑÑÛËÊÀ!;Hoxb7;HOXB7;decrease;decreased gene expression;mRNA;heart;mouse;FVB/N;both;-86,00;<0.05;n/a;n/a;11;90;n/a;n/a;days;10.1002/stem.1897;n/a;;;;;
#ÑÑÛËÊÀ!;Hoxb7;HOXB7;decrease;decreased gene expression;mRNA;heart;mouse;FVB/N;both;-93,00;<0.05;n/a;n/a;11;180;n/a;n/a;days;10.1002/stem.1897;n/a;;;;;
#ÑÑÛËÊÀ!;Hoxb7;HOXB7;decrease;decreased gene expression;mRNA;heart;mouse;FVB/N;both;-87,00;<0.05;n/a;n/a;11;90;n/a;n/a;days;10.1002/stem.1897;n/a;;;;;
#ÑÑÛËÊÀ!;Hoxb7;HOXB7;decrease;decreased gene expression;mRNA;heart;mouse;FVB/N;both;-95,00;<0.05;n/a;n/a;11;180;n/a;n/a;days;10.1002/stem.1897;n/a;;;;;
#ÑÑÛËÊÀ!;Hpgd;HPGD;increase;increased gene expression;mRNA;heart;mouse;C57BL/6;both;30,00;;n/a;n/a;3;26;n/a;n/a;months;10.1126/science.abc8059;n/a;;;;;
#ÑÑÛËÊÀ!;Ifng;IFNG;decrease;decreased gene expression;mRNA;heart;mouse;BALB/c;n/a;n/a;;n/a;n/a;2;25;n/a;n/a;months;10.1089/107999000312342;n/a;;;;;
#ÑÑÛËÊÀ!;Igfbp2;IGFBP2;decrease;decreased gene expression;mRNA;hematopoietic stem cells;mouse;C57BL/6;both;-50,00;;n/a;n/a;4;12;n/a;n/a;months;10.1055/s-0030-1262854;n/a;;;;;
#ÑÑÛËÊÀ!;Igfbp2;IGFBP2;decrease;decreased gene expression;mRNA;hematopoietic stem/progenitor cells;mouse;C57BL/6;both;-40,00;;n/a;n/a;2;24;n/a;n/a;months;10.1055/s-0030-1262854;n/a;;;;;
#ÑÑÛËÊÀ!;Igfbp3;IGFBP3;decrease;decreased gene expression;mRNA;hippocampus;mouse;C57BL/6;male;-50,00;;n/a;n/a;2;18;n/a;n/a;months;10.1111/j.1474-9726.2008.00372.x;n/a;;;;;
#ÑÑÛËÊÀ!;Igfbp3;IGFBP3;decrease;decreased gene expression;mRNA;hippocampus;mouse;C57BL/6;male;-80,00;;n/a;n/a;2;22;n/a;n/a;months;10.1111/j.1474-9726.2008.00372.x;n/a;;;;;
#ÑÑÛËÊÀ!;Igfbp5;IGFBP5;decrease;decreased gene expression;mRNA;hippocampus;mouse;C57BL/6 x 129;male;-5,80;ns;n/a;n/a;1;6;n/a;n/a;months;10.1016/j.exger.2014.04.011;n/a;;;;;
#ÑÑÛËÊÀ!;Igfbp5;IGFBP5;decrease;decreased gene expression;mRNA;hippocampus;mouse;C57BL/6 x 129;male;-32,70;< 0.05;n/a;n/a;1;18;n/a;n/a;months;10.1016/j.exger.2014.04.011;n/a;;;;;
#ÑÑÛËÊÀ!;Igfbp5;IGFBP5;decrease;decreased gene expression;mRNA;intestine;mouse;C57BL/6 x 129;female;-50,80;< 0.05;n/a;n/a;1;6;n/a;n/a;months;10.1016/j.exger.2014.04.011;n/a;;;;;
#ÑÑÛËÊÀ!;Igfbp5;IGFBP5;decrease;decreased gene expression;mRNA;intestine;mouse;C57BL/6 x 129;female;-47,60;ns;n/a;n/a;1;18;n/a;n/a;months;10.1016/j.exger.2014.04.011;n/a;;;;;
#ÑÑÛËÊÀ!;Igfbp5;IGFBP5;decrease;decreased gene expression;mRNA;kidney;mouse;C57BL/6 x 129;male;-36,00;< 0.05;n/a;n/a;6;18;n/a;n/a;months;10.1016/j.exger.2014.04.011;n/a;;;;;
#ÑÑÛËÊÀ!;Igfbp5;IGFBP5;decrease;decreased gene expression;mRNA;kidney;mouse;C57BL/6 x 129;male;-44,00;< 0.05;n/a;n/a;1;6;n/a;n/a;months;10.1016/j.exger.2014.04.011;n/a;;;;;
#ÑÑÛËÊÀ!;Igfbp5;IGFBP5;decrease;decreased gene expression;mRNA;kidney;mouse;C57BL/6 x 129;female;-44,00;< 0.05;n/a;n/a;1;6;n/a;n/a;months;10.1016/j.exger.2014.04.011;n/a;;;;;
#ÑÑÛËÊÀ!;Igfbp5;IGFBP5;increase;increased gene expression;mRNA;hippocampus;mouse;C57BL/6 x 129;male;112,50;< 0.05;n/a;n/a;1;6;n/a;n/a;months;10.1016/j.exger.2014.04.011;n/a;;;;;
#ÑÑÛËÊÀ!;Igfbp5;IGFBP5;increase;increased gene expression;mRNA;hippocampus;mouse;C57BL/6 x 129;male;195,80;< 0.05;n/a;n/a;1;18;n/a;n/a;months;10.1016/j.exger.2014.04.011;n/a;;;;;
#ÑÑÛËÊÀ!;Igfbp5;IGFBP5;increase;increased gene expression;mRNA;intestine;mouse;C57BL/6 x 129;female;62,50;ns;n/a;n/a;1;6;n/a;n/a;months;10.1016/j.exger.2014.04.011;n/a;;;;;
#ÑÑÛËÊÀ!;Igfbp5;IGFBP5;increase;increased gene expression;mRNA;intestine;mouse;C57BL/6 x 129;female;121,90;< 0.05;n/a;n/a;1;18;n/a;n/a;months;10.1016/j.exger.2014.04.011;n/a;;;;;
#ÑÑÛËÊÀ!;Igfbp5;IGFBP5;increase;increased gene expression;mRNA;intestine;mouse;C57BL/6 x 129;male;83,00;ns;n/a;n/a;1;6;n/a;n/a;months;10.1016/j.exger.2014.04.011;n/a;;;;;
#ÑÑÛËÊÀ!;Igfbp5;IGFBP5;increase;increased gene expression;mRNA;kidney;mouse;C57BL/6 x 129;male;100,00;< 0.05;n/a;n/a;6;18;n/a;n/a;months;10.1016/j.exger.2014.04.011;n/a;;;;;
#ÑÑÛËÊÀ!;Igfbp5;IGFBP5;increase;increased gene expression;mRNA;kidney;mouse;C57BL/6 x 129;female;228,60;< 0.05;n/a;n/a;6;18;n/a;n/a;months;10.1016/j.exger.2014.04.011;n/a;;;;;
#ÑÑÛËÊÀ!;Il6;IL6;increase;increased gene expression;mRNA;kidney;mouse;C57BL/6;male;700,00;;n/a;n/a;5.5;24.5;n/a;n/a;months;10.1093/gerona/glp046;n/a;;;;;
#ÑÑÛËÊÀ!;Il6;IL6;increase;increased gene expression;mRNA;kidney;mouse;C57BL/6;male;700,00;;n/a;n/a;5.5;24.5;n/a;n/a;months;10.1093/gerona/glp046;n/a;;;;;
#ÑÑÛËÊÀ!;Il6;IL6;increase;increased gene expression;mRNA;kidney;mouse;C57BL/6;male;470,00;;n/a;n/a;5.5;24.5;n/a;n/a;months;10.1093/gerona/glp046;n/a;;;;;
#ÑÑÛËÊÀ!;Il6;IL6;increase;increased gene expression;mRNA;kidney;mouse;C57BL/6;male;700,00;;n/a;n/a;5.5;24.5;n/a;n/a;months;10.1093/gerona/glp046;n/a;;;;;
#ÑÑÛËÊÀ!;Il6;IL6;increase;increased gene expression;mRNA;kidney;mouse;C57BL/6;male;430,00;;n/a;n/a;5.5;24.5;n/a;n/a;months;10.1093/gerona/glp046;n/a;;;;;
#ÑÑÛËÊÀ!;Il6;IL6;increase;increased gene expression;mRNA;kidney;mouse;C57BL/6;male;540,00;;n/a;n/a;5.5;24.5;n/a;n/a;months;10.1093/gerona/glp046;n/a;;;;;
#ÑÑÛËÊÀ!;Il6;IL6;increase;increased gene expression;mRNA;kidney;mouse;C57BL/6J;male;190,00;;n/a;n/a;5.5;23;n/a;n/a;months;10.4049/jimmunol.179.7.4829;n/a;;;;;
#ÑÑÛËÊÀ!;Il7;IL7;decrease;decreased gene expression;mRNA;kidney;mouse;C57BL/10;both;-30,00;;n/a;n/a;5;10;n/a;n/a;months;10.1016/S0531-5565(01)00213-3;n/a;;;;;
#ÑÑÛËÊÀ!;Il7;IL7;decrease;decreased gene expression;mRNA;kidney;mouse;C57BL/10;both;-60,00;;n/a;n/a;5;24;n/a;n/a;months;10.1016/S0531-5565(01)00213-3;n/a;;;;;
#ÑÑÛËÊÀ!;Itga2;ITGA2;increase;increased gene expression;mRNA;kidney;mouse;C57BL/6;both;56,00;;n/a;n/a;4;11;n/a;n/a;months;10.1152/ajpendo.00040.2016;n/a;;;;;
#ÑÑÛËÊÀ!;Itga2;ITGA2;increase;increased gene expression;mRNA;kidney;mouse;C57BL/6;both;96,00;;n/a;n/a;4;23.5;n/a;n/a;months;10.1152/ajpendo.00040.2016;n/a;;;;;
#ÑÑÛËÊÀ!;Itga3;ITGA3;decrease;decreased gene expression;mRNA;kidney;mouse;C57BL/6;both;-26,00;;n/a;n/a;4;23.5;n/a;n/a;months;10.1152/ajpendo.00040.2016;n/a;;;;;
#ÑÑÛËÊÀ!;Itgae;ITGAE;increase;increased gene expression;mRNA;kidney;mouse;C57BL/6;both;129,00;;n/a;n/a;4;11;n/a;n/a;months;10.1152/ajpendo.00040.2016;n/a;;;;;
#ÑÑÛËÊÀ!;Itgae;ITGAE;increase;increased gene expression;mRNA;kidney;mouse;C57BL/6;both;94,00;;n/a;n/a;4;23.5;n/a;n/a;months;10.1152/ajpendo.00040.2016;n/a;;;;;
#ÑÑÛËÊÀ!;Itgb1;ITGB1;decrease;decreased gene expression;mRNA;kidney;mouse;C57BL/6;both;-18,00;;n/a;n/a;4;23.5;n/a;n/a;months;10.1152/ajpendo.00040.2016;n/a;;;;;
#ÑÑÛËÊÀ!;Itgb3;ITGB3;increase;increased gene expression;mRNA;kidney;mouse;C57BL/6J;female;38,00;;n/a;n/a;4;19;n/a;n/a;months;10.1016/j.celrep.2017.02.012;n/a;;;;;
#ÑÑÛËÊÀ!;Itgb3;ITGB3;increase;increased gene expression;mRNA;kidney;mouse;C57BL/6J;female;107,00;;n/a;n/a;4;25;n/a;n/a;months;10.1016/j.celrep.2017.02.012;n/a;;;;;
#ÑÑÛËÊÀ!;Itgb3;ITGB3;increase;increased gene expression;mRNA;kidney;mouse;C57BL/6J;female;91,00;;n/a;n/a;4;25;n/a;n/a;months;10.1016/j.celrep.2017.02.012;n/a;;;;;
#ÑÑÛËÊÀ!;Itgb3;ITGB3;increase;increased gene expression;mRNA;kidney;mouse;C57BL/6J;female;28,00;;n/a;n/a;4;25;n/a;n/a;months;10.1016/j.celrep.2017.02.012;n/a;;;;;
#ÑÑÛËÊÀ!;Jun;JUN;decrease;decreased gene expression;mRNA;kidney;mouse;C57BL/6;n/a;n/a;;n/a;n/a;3;30;n/a;n/a;months;10.1016/j.exger.2012.02.006;n/a;;;;;
#ÑÑÛËÊÀ!;Kdr;KDR;decrease;decreased gene expression;mRNA;kidney;mouse;ICR;male;-92,70;;n/a;n/a;11;65;n/a;n/a;weeks;10.1016/j.exger.2005.01.009;n/a;;;;;
#ÑÑÛËÊÀ!;Lair1;LAIR1;increase;increased gene expression;mRNA;kidney;mouse;C57BL/6;both;390,00;;n/a;n/a;n/a;n/a;n/a;n/a;n/a;10.1016/j.stemcr.2021.04.016;n/a;;;;;
#ÑÑÛËÊÀ!;Lama3;LAMA3;decrease;decreased gene expression;mRNA;kidney;mouse;BALB/c;both;-60,00;;n/a;n/a;3;104;n/a;n/a;weeks;10.1371/journal.pone.0150966;n/a;;;;;
#ÑÑÛËÊÀ!;Lama3;LAMA3;decrease;decreased gene expression;mRNA;kidney;mouse;B10.BR;both;-53,00;;n/a;n/a;3;52;n/a;n/a;weeks;10.1371/journal.pone.0150966;n/a;;;;;
#ÑÑÛËÊÀ!;Lama4;LAMA4;decrease;decreased gene expression;mRNA;kidney;mouse;BALB/c;both;-54,00;;n/a;n/a;3;104;n/a;n/a;weeks;10.1371/journal.pone.0150966;n/a;;;;;
#ÑÑÛËÊÀ!;Lama4;LAMA4;decrease;decreased gene expression;mRNA;kidney;mouse;B10.BR;both;-80,00;;n/a;n/a;3;52;n/a;n/a;weeks;10.1371/journal.pone.0150966;n/a;;;;;
#ÑÑÛËÊÀ!;Lamb1;LAMB1;increase;increased gene expression;mRNA;kidney;mouse;C57BL/6;male;238,00;;n/a;n/a;3;18;n/a;n/a;months;10.1161/ATVBAHA.117.310685 ;n/a;;;;;
#ÑÑÛËÊÀ!;Lef1;LEF1;decrease;decreased gene expression;mRNA;kidney;mouse;C57BL/6J;male;50,00;;n/a;n/a;5;36;n/a;n/a;months;10.1007/s11357-014-9618-3;n/a;;;;;
#ÑÑÛËÊÀ!;Lef1;LEF1;decrease;decreased gene expression;mRNA;kidney;mouse;C57BL/6J;male;-95,00;;n/a;n/a;5;24;n/a;n/a;months;10.1007/s11357-014-9618-3;n/a;;;;;
#ÑÑÛËÊÀ!;Lef1;LEF1;decrease;decreased gene expression;mRNA;kidney;mouse;C57BL/6J;male;-90,00;;n/a;n/a;5;36;n/a;n/a;months;10.1007/s11357-014-9618-3;n/a;;;;;
#ÑÑÛËÊÀ!;Lef1;LEF1;decrease;decreased gene expression;mRNA;kidney;mouse;C57BL/6J;male;-65,00;;n/a;n/a;5;36;n/a;n/a;months;10.1007/s11357-014-9618-3;n/a;;;;;
#ÑÑÛËÊÀ!;Lef1;LEF1;increase;increased gene expression;mRNA;kidney;mouse;C57BL/6J;male;560,00;;n/a;n/a;5;24;n/a;n/a;months;10.1007/s11357-014-9618-3;n/a;;;;;
#ÑÑÛËÊÀ!;Lef1;LEF1;increase;increased gene expression;mRNA;kidney;mouse;C57BL/6J;male;340,00;;n/a;n/a;5;36;n/a;n/a;months;10.1007/s11357-014-9618-3;n/a;;;;;
#ÑÑÛËÊÀ!;Lix1;LIX1;decrease;decreased gene expression;mRNA;kidney;mouse;n/a;both;-95,00;;n/a;n/a;7;56;n/a;n/a;days;10.1016/s1567-133x(02)00018-2;n/a;;;;;
#ÑÑÛËÊÀ!;Lmnb1;LMNB1;decrease;decreased gene expression;mRNA;left ventricle;mouse;C57BL/6;both;-56,00;;n/a;n/a;17;120;n/a;n/a;weeks;10.1111/acel.13094;n/a;;;;;
#ÑÑÛËÊÀ!;Lmnb1;LMNB1;decrease;decreased gene expression;mRNA;left ventricle;mouse;C57BL/6;both;-69,00;;n/a;n/a;17;120;n/a;n/a;weeks;10.1111/acel.13094;n/a;;;;;
#ÑÑÛËÊÀ!;Mdm2;MDM2;decrease;decreased gene expression;mRNA;left ventricle;mouse;C57BL/6;male;-40,00;;n/a;n/a;3;24;n/a;n/a;months;10.2337/db18-0684;n/a;;;;;
#ÑÑÛËÊÀ!;Mmp9;MMP9;decrease;decreased gene expression;mRNA;left ventricle;mouse;C57BL/6J;both;-53,00;;n/a;n/a;0.79;5.75;n/a;n/a;months;10.1111/wrr.12524;n/a;;;;;
#ÑÑÛËÊÀ!;Mmp9;MMP9;increase;increased gene expression;mRNA;left ventricle;mouse;C57BL/6J;both;72,00;;n/a;n/a;8;21;n/a;n/a;months;10.1093/cvr/cvs275 ;n/a;;;;;
#ÑÑÛËÊÀ!;Mmp9;MMP9;increase;increased gene expression;mRNA;left ventricle;mouse;C57BL/6J;both;81,00;;n/a;n/a;8;30;n/a;n/a;months;10.1093/cvr/cvs275 ;n/a;;;;;
#ÑÑÛËÊÀ!;Mmp9;MMP9;increase;increased gene expression;mRNA;left ventricle;mouse;C57BL/6J;both;15,00;;n/a;n/a;0.79;17;n/a;n/a;months;10.1111/wrr.12524;n/a;;;;;
#ÑÑÛËÊÀ!;Mt-Co1;MT-CO1;increase;increased gene expression;mRNA;left ventricle;mouse;C57BL/6;n/a;n/a;;n/a;n/a;2;24;n/a;n/a;months;10.1016/j.exger.2013.01.005;n/a;;;;;
#ÑÑÛËÊÀ!;Myc;MYC;increase;increased gene expression;mRNA;left ventricle;mouse;C57BL/6J;male;108,00;;n/a;n/a;5;24;n/a;n/a;months;10.1007/s11357-014-9618-3;n/a;;;;;
#ÑÑÛËÊÀ!;Ncor2;NCOR2;increase;increased gene expression;mRNA;left ventricle;mouse;C57BL/6;male;135,00;;n/a;n/a;2;6;n/a;n/a;months;10.1016/j.cmet.2010.11.007;n/a;;;;;
#ÑÑÛËÊÀ!;Ncor2;NCOR2;increase;increased gene expression;mRNA;liver;mouse;C57BL/6;male;93,00;;n/a;n/a;2;6;n/a;n/a;months;10.1016/j.cmet.2010.11.007;n/a;;;;;
#ÑÑÛËÊÀ!;Nfe2l2;NFE2L2;decrease;decreased gene expression;mRNA;liver;mouse;wild type;both;-21,00;;n/a;n/a;3.5;23;n/a;n/a;months;10.18632/aging.102234;n/a;;;;;
#ÑÑÛËÊÀ!;Nfe2l2;NFE2L2;increase;increased gene expression;mRNA;liver;mouse;wild type;both;15,00;;n/a;n/a;3.5;13;n/a;n/a;months;10.18632/aging.102234;n/a;;;;;
#ÑÑÛËÊÀ!;Nfkb1;NFKB1;decrease;decreased gene expression;mRNA;liver;mouse;SAMR1;male;-17,00;;n/a;n/a;2;10;n/a;n/a;months;10.1111/j.1600-079X.2010.00800.x;n/a;;;;;
#ÑÑÛËÊÀ!;Nfkb1;NFKB1;increase;increased gene expression;mRNA;liver;mouse;C57BL/6;male;446,00;<0.05;n/a;n/a;2;16;n/a;n/a;weeks;10.1007/s11033-012-2219-2;n/a;;;;;
#ÑÑÛËÊÀ!;Nfkb1;NFKB1;increase;increased gene expression;mRNA;liver;mouse;SAMP8;male;140,00;;n/a;n/a;2;10;n/a;n/a;months;10.1111/j.1600-079X.2010.00800.x;n/a;;;;;
#ÑÑÛËÊÀ!;Nfkb2;NFKB2;increase;increased gene expression;mRNA;liver;mouse;C57BL/6;male;389,50;<0.05;n/a;n/a;2;16;n/a;n/a;weeks;10.1007/s11033-012-2219-2;n/a;;;;;
#ÑÑÛËÊÀ!;Nfkb2;NFKB2;increase;increased gene expression;mRNA;liver;mouse;SAMR1;male;7,00;;n/a;n/a;2;10;n/a;n/a;months;10.1111/j.1600-079X.2010.00800.x;n/a;;;;;
#ÑÑÛËÊÀ!;Nfkb2;NFKB2;increase;increased gene expression;mRNA;liver;mouse;SAMP8;male;166,00;;n/a;n/a;2;10;n/a;n/a;months;10.1111/j.1600-079X.2010.00800.x;n/a;;;;;
#ÑÑÛËÊÀ!;Nfkbia;NFKBIA;increase;increased gene expression;mRNA;liver;mouse;C57BL/6J;male;59,70;;n/a;n/a;2;4;n/a;n/a;months;10.1186/s12974-020-01774-9;n/a;;;;;
#ÑÑÛËÊÀ!;Nfkbia;NFKBIA;increase;increased gene expression;mRNA;liver;mouse;C57BL/6J;male;226,60;;n/a;n/a;2;6;n/a;n/a;months;10.1186/s12974-020-01774-9;n/a;;;;;
#ÑÑÛËÊÀ!;Nfkbia;NFKBIA;increase;increased gene expression;mRNA;liver;mouse;C57BL/6J;male;159,60;;n/a;n/a;2;9;n/a;n/a;months;10.1186/s12974-020-01774-9;n/a;;;;;
#ÑÑÛËÊÀ!;Nfkbia;NFKBIA;increase;increased gene expression;mRNA;liver;mouse;C57BL/6J;male;188,90;;n/a;n/a;2;12;n/a;n/a;months;10.1186/s12974-020-01774-9;n/a;;;;;
#ÑÑÛËÊÀ!;Nipsnap1;NIPSNAP1;decrease;decreased gene expression;mRNA;liver;mouse;C57BL/6;female;-17,00;<0.025;n/a;n/a;4;18;n/a;n/a;months;10.1002/hipo.20703;n/a;;;;;
#ÑÑÛËÊÀ!;Nlrp3;NLRP3;increase;increased gene expression;mRNA;liver;mouse;wild type;both;41,00;;n/a;n/a;3.5;13;n/a;n/a;months;10.18632/aging.102234;n/a;;;;;
#ÑÑÛËÊÀ!;Nlrp3;NLRP3;increase;increased gene expression;mRNA;liver;mouse;wild type;both;196,00;;n/a;n/a;3.5;23;n/a;n/a;months;10.18632/aging.102234;n/a;;;;;
#ÑÑÛËÊÀ!;Nox4;NOX4;increase;increased gene expression;mRNA;liver;mouse;C57BL/6J;male;65,00;;n/a;n/a;4;16;n/a;n/a;months;10.1016/j.yjmcc.2016.12.004;n/a;;;;;
#ÑÑÛËÊÀ!;Nrip1;NRIP1;decrease;decreased gene expression;mRNA;liver;mouse;C57BL/6J;female;-40,00;;n/a;n/a;6;18;n/a;n/a;months;10.1093/gerona/glx257;n/a;;;;;
#ÑÑÛËÊÀ!;Nrip1;NRIP1;decrease;decreased gene expression;mRNA;liver;mouse;C57BL/6J;male;-85,00;;n/a;n/a;6;18;n/a;n/a;months;10.1093/gerona/glx257;n/a;;;;;
#ÑÑÛËÊÀ!;Nrip1;NRIP1;increase;increased gene expression;mRNA;liver;mouse;C57BL/6J;female;94,00;;n/a;n/a;6;18;n/a;n/a;months;10.1093/gerona/glx257;n/a;;;;;
#ÑÑÛËÊÀ!;Nrip1;NRIP1;increase;increased gene expression;mRNA;liver;mouse;C57BL/6J;male;47,00;;n/a;n/a;6;18;n/a;n/a;months;10.1093/gerona/glx257;n/a;;;;;
#ÑÑÛËÊÀ!;Nrip1;NRIP1;increase;increased gene expression;mRNA;liver;mouse;C57BL/6J;male;67,00;;n/a;n/a;6;18;n/a;n/a;months;10.1093/gerona/glx257;n/a;;;;;
#ÑÑÛËÊÀ!;Opn3;OPN3;decrease;decreased gene expression;mRNA;liver;mouse;C57BL/6;n/a;n/a;;n/a;n/a;2;20;n/a;n/a;months;10.1111/acel.13021;n/a;;;;;
#ÑÑÛËÊÀ!;Pappa;PAPPA;decrease;decreased gene expression;mRNA;liver;mouse;C57BL/6 x 129;male;-43,00;< 0.05;n/a;n/a;1;18;n/a;n/a;months;10.1016/j.exger.2014.04.011;n/a;;;;;
#ÑÑÛËÊÀ!;Pappa;PAPPA;decrease;decreased gene expression;mRNA;liver;mouse;C57BL/6 x 129;female;-30,00;< 0.05;n/a;n/a;1;18;n/a;n/a;months;10.1016/j.exger.2014.04.011;n/a;;;;;
#ÑÑÛËÊÀ!;Pappa;PAPPA;decrease;decreased gene expression;mRNA;liver;mouse;C57BL/6 x 129;male;-80,00;< 0.05;n/a;n/a;1;6;n/a;n/a;months;10.1016/j.exger.2014.04.011;n/a;;;;;
#ÑÑÛËÊÀ!;Pappa;PAPPA;decrease;decreased gene expression;mRNA;liver;mouse;C57BL/6 x 129;male;-48,00;< 0.05;n/a;n/a;1;18;n/a;n/a;months;10.1016/j.exger.2014.04.011;n/a;;;;;
#ÑÑÛËÊÀ!;Pappa;PAPPA;decrease;decreased gene expression;mRNA;liver;mouse;C57BL/6 x 129;female;-84,00;< 0.05;n/a;n/a;1;6;n/a;n/a;months;10.1016/j.exger.2014.04.011;n/a;;;;;
#ÑÑÛËÊÀ!;Pappa;PAPPA;decrease;decreased gene expression;mRNA;liver;mouse;C57BL/6 x 129;female;-58,00;< 0.05;n/a;n/a;1;18;n/a;n/a;months;10.1016/j.exger.2014.04.011;n/a;;;;;
#ÑÑÛËÊÀ!;Pappa;PAPPA;increase;increased gene expression;mRNA;liver;mouse;C57BL/6 x 129;male;218,00;< 0.05;n/a;n/a;1;6;n/a;n/a;months;10.1016/j.exger.2014.04.011;n/a;;;;;
#ÑÑÛËÊÀ!;Pappa;PAPPA;increase;increased gene expression;mRNA;liver;mouse;C57BL/6 x 129;female;86,00;< 0.05;n/a;n/a;1;6;n/a;n/a;months;10.1016/j.exger.2014.04.011;n/a;;;;;
#ÑÑÛËÊÀ!;Pappa;PAPPA;increase;increased gene expression;mRNA;liver;mouse;C57BL/6 x 129;male;213,00;< 0.05;n/a;n/a;1;6;n/a;n/a;months;10.1016/j.exger.2014.04.011;n/a;;;;;
#ÑÑÛËÊÀ!;Pappa;PAPPA;increase;increased gene expression;mRNA;liver;mouse;C57BL/6 x 129;male;75,00;< 0.05;n/a;n/a;1;18;n/a;n/a;months;10.1016/j.exger.2014.04.011;n/a;;;;;
#ÑÑÛËÊÀ!;Pappa;PAPPA;increase;increased gene expression;mRNA;liver;mouse;C57BL/6 x 129;male;107,00;< 0.05;n/a;n/a;1;18;n/a;n/a;months;10.1016/j.exger.2014.04.011;n/a;;;;;
#ÑÑÛËÊÀ!;Pappa;PAPPA;increase;increased gene expression;mRNA;liver;mouse;C57BL/6 x 129;female;83,00;< 0.05;n/a;n/a;1;18;n/a;n/a;months;10.1016/j.exger.2014.04.011;n/a;;;;;
#ÑÑÛËÊÀ!;Pappa;PAPPA;increase;increased gene expression;mRNA;liver;mouse;C57BL/6 x 129;female;100,00;< 0.05;n/a;n/a;1;18;n/a;n/a;months;10.1016/j.exger.2014.04.011;n/a;;;;;
#ÑÑÛËÊÀ!;Pappa;PAPPA;increase;increased gene expression;mRNA;liver;mouse;C57BL/6 x 129;male;173,00;< 0.05;n/a;n/a;1;18;n/a;n/a;months;10.1016/j.exger.2014.04.011;n/a;;;;;
#ÑÑÛËÊÀ!;Pappa;PAPPA;increase;increased gene expression;mRNA;liver;mouse;C57BL/6 x 129;female;333,00;< 0.05;n/a;n/a;1;6;n/a;n/a;months;10.1016/j.exger.2014.04.011;n/a;;;;;
#ÑÑÛËÊÀ!;Pappa;PAPPA;increase;increased gene expression;mRNA;liver;mouse;C57BL/6 x 129;female;500,00;< 0.05;n/a;n/a;1;18;n/a;n/a;months;10.1016/j.exger.2014.04.011;n/a;;;;;
#ÑÑÛËÊÀ!;Pappa;PAPPA;increase;increased gene expression;mRNA;liver;mouse;C57BL/6 x 129;male;52,00;< 0.05;n/a;n/a;6;18;n/a;n/a;months;10.1016/j.exger.2014.04.011;n/a;;;;;
#ÑÑÛËÊÀ!;Pappa;PAPPA;increase;increased gene expression;mRNA;liver;mouse;C57BL/6 x 129;female;34,00;< 0.05;n/a;n/a;6;18;n/a;n/a;months;10.1016/j.exger.2014.04.011;n/a;;;;;
#ÑÑÛËÊÀ!;Pdgfb;PDGFB;decrease;decreased gene expression;mRNA;liver;mouse;C57BL/6;both;-66,00;;n/a;n/a;0.5;3;n/a;n/a;months;10.1038/nature10502;66;;;;;
#ÑÑÛËÊÀ!;Pdgfb;PDGFB;decrease;decreased gene expression;mRNA;liver;mouse;C57BL/6;both;-73,00;;n/a;n/a;0.5;6;n/a;n/a;months;10.1038/nature10502;n/a;;;;;
#ÑÑÛËÊÀ!;Pdgfb;PDGFB;decrease;decreased gene expression;mRNA;liver;mouse;C57BL/6;both;-78,00;;n/a;n/a;0.5;10;n/a;n/a;months;10.1038/nature10502;n/a;;;;;
#ÑÑÛËÊÀ!;Pdgfb;PDGFB;decrease;decreased gene expression;mRNA;liver;mouse;C57BL/6;both;-81,00;;n/a;n/a;0.5;13;n/a;n/a;months;10.1038/nature10502;n/a;;;;;
#ÑÑÛËÊÀ!;Pdgfb;PDGFB;decrease;decreased gene expression;mRNA;liver;mouse;wild type;both;-38,00;;n/a;n/a;1;9;n/a;n/a;months;10.1159/000113755;n/a;;;;;
#ÑÑÛËÊÀ!;Pdgfb;PDGFB;decrease;decreased gene expression;mRNA;liver;mouse;wild type;both;-35,00;;n/a;n/a;1;3;n/a;n/a;months;10.1159/000113755;n/a;;;;;
#ÑÑÛËÊÀ!;Pdgfra;PDGFRA;decrease;decreased gene expression;mRNA;liver;mouse;C57BL/6;both;-79,00;;n/a;n/a;2;20;n/a;n/a;weeks;10.1038/nature10502;n/a;;;;;
#ÑÑÛËÊÀ!;Pdgfra;PDGFRA;decrease;decreased gene expression;mRNA;liver;mouse;C57BL/6;both;-37,00;;n/a;n/a;3;8;n/a;n/a;weeks;10.1038/nature10502;n/a;;;;;
#ÑÑÛËÊÀ!;Pdgfra;PDGFRA;decrease;decreased gene expression;mRNA;liver;mouse;C57BL/6;both;-53,00;;n/a;n/a;0.5;3;n/a;n/a;months;10.1038/nature10502;n/a;;;;;
#ÑÑÛËÊÀ!;Pdgfra;PDGFRA;decrease;decreased gene expression;mRNA;liver;mouse;C57BL/6;both;-84,00;;n/a;n/a;0.5;6;n/a;n/a;months;10.1038/nature10502;n/a;;;;;
#ÑÑÛËÊÀ!;Pdgfra;PDGFRA;decrease;decreased gene expression;mRNA;liver;mouse;C57BL/6;both;-84,00;;n/a;n/a;0.5;10;n/a;n/a;months;10.1038/nature10502;n/a;;;;;
#ÑÑÛËÊÀ!;Pdgfra;PDGFRA;decrease;decreased gene expression;mRNA;lung;mouse;C57BL/6;both;-96,00;;n/a;n/a;0.5;13;n/a;n/a;months;10.1038/nature10502;n/a;;;;;
#ÑÑÛËÊÀ!;Pdgfra;PDGFRA;increase;increased gene expression;mRNA;liver;mouse;C57BL/6;female;32,00;;n/a;n/a;2;18;n/a;n/a;months;10.1016/j.jvs.2004.08.034;n/a;;;;;
#ÑÑÛËÊÀ!;Pdgfrb;PDGFRB;decrease;decreased gene expression;mRNA;lung;mouse;C57BL/6;both;-71,00;;n/a;n/a;2;20;n/a;n/a;weeks;10.1038/nature10502;n/a;;;;;
#ÑÑÛËÊÀ!;Pdgfrb;PDGFRB;decrease;decreased gene expression;mRNA;lung;mouse;C57BL/6;both;-59,00;;n/a;n/a;0.5;2;n/a;n/a;months;10.1038/nature10502;n/a;;;;;
#ÑÑÛËÊÀ!;Pdgfrb;PDGFRB;decrease;decreased gene expression;mRNA;lung;mouse;C57BL/6;both;-76,00;;n/a;n/a;0.5;6;n/a;n/a;months;10.1038/nature10502;n/a;;;;;
#ÑÑÛËÊÀ!;Pdgfrb;PDGFRB;decrease;decreased gene expression;mRNA;lung;mouse;C57BL/6;both;-66,00;;n/a;n/a;0.5;10;n/a;n/a;months;10.1038/nature10502;n/a;;;;;
#ÑÑÛËÊÀ!;Pdgfrb;PDGFRB;decrease;decreased gene expression;mRNA;lung;mouse;C57BL/6;both;-78,00;;n/a;n/a;0.5;13;n/a;n/a;months;10.1038/nature10502;n/a;;;;;
#ÑÑÛËÊÀ!;Pdgfrb;PDGFRB;decrease;decreased gene expression;mRNA;lung;mouse;C57BL/6;both;-70,00;;n/a;n/a;3;8;n/a;n/a;weeks;10.1038/nature10502;n/a;;;;;
#ÑÑÛËÊÀ!;Pex5;PEX5;decrease;decreased gene expression;mRNA;lung;mouse;C57BL/6;male;-43,00;;n/a;n/a;3;30;n/a;n/a;months;10.1016/j.mcn.2020.103536;n/a;;;;;
#ÑÑÛËÊÀ!;Pex5;PEX5;decrease;decreased gene expression;mRNA;lung;mouse;C57BL/6;male;-29,00;;n/a;n/a;3;32;n/a;n/a;months;10.1016/j.mcn.2020.103536;n/a;;;;;
#ÑÑÛËÊÀ!;Pex5;PEX5;decrease;decreased gene expression;mRNA;lung;mouse;C57BL/6;female;-21,00;;n/a;n/a;3;32;n/a;n/a;months;10.1016/j.mcn.2020.103536;n/a;;;;;
#ÑÑÛËÊÀ!;Pex5;PEX5;decrease;decreased gene expression;mRNA;lung;mouse;C57BL/6;female;-28,00;;n/a;n/a;3;32;n/a;n/a;months;10.1016/j.mcn.2020.103536;n/a;;;;;
#ÑÑÛËÊÀ!;Pex5;PEX5;decrease;decreased gene expression;mRNA;lung;mouse;C57BL/6;male;-85,00;;n/a;n/a;3;32;n/a;n/a;months;10.1016/j.mcn.2020.103536;n/a;;;;;
#ÑÑÛËÊÀ!;Pml;PML;increase;increased gene expression;mRNA;lung;mouse;C57BL/6;n/a;n/a;;n/a;n/a;2;24;n/a;n/a;months;10.1073/pnas.0503280102;n/a;;;;;
#ÑÑÛËÊÀ!;Polb;POLB;decrease;decreased gene expression;mRNA;lung;mouse;wild type;male;-44,00;;n/a;n/a;4;24;n/a;n/a;months;10.1093/gerona/61.5.427;n/a;;;;;
#ÑÑÛËÊÀ!;Polb;POLB;decrease;decreased gene expression;mRNA;lung;mouse;C57BL/6;male;-34,00;;n/a;n/a;5;24;n/a;n/a;months;n/a;11890943;;;;;
#ÑÑÛËÊÀ!;Polb;POLB;decrease;decreased gene expression;mRNA;lung;mouse;C57BL/6;male;-48,00;;n/a;n/a;5;24;n/a;n/a;months;n/a;11890943;;;;;
#ÑÑÛËÊÀ!;Polb;POLB;decrease;decreased gene expression;mRNA;lung;mouse;C57BL/6;male;-37,50;;n/a;n/a;5;24;n/a;n/a;months;n/a;11890943;;;;;
#ÑÑÛËÊÀ!;Polb;POLB;decrease;decreased gene expression;mRNA;lung;mouse;C57BL/6;male;-61,00;;n/a;n/a;5;24;n/a;n/a;months;n/a;11890943;;;;;
#ÑÑÛËÊÀ!;Polb;POLB;decrease;decreased gene expression;mRNA;lung;mouse;C57BL/6;male;-50,00;;n/a;n/a;5;24;n/a;n/a;months;n/a;11890943;;;;;
#ÑÑÛËÊÀ!;Polb;POLB;decrease;decreased gene expression;mRNA;lung;mouse;C57BL/6;male;-27,00;;n/a;n/a;5;24;n/a;n/a;months;n/a;11890943;;;;;
#ÑÑÛËÊÀ!;Porcn;PORCN;decrease;decreased gene expression;mRNA;lung;mouse;C57BL/6J;male;-50,00;;n/a;n/a;5;24;n/a;n/a;months;10.1007/s11357-014-9618-3;n/a;;;;;
#ÑÑÛËÊÀ!;Porcn;PORCN;decrease;decreased gene expression;mRNA;lung;mouse;C57BL/6J;male;-60,00;;n/a;n/a;5;36;n/a;n/a;months;10.1007/s11357-014-9618-3;n/a;;;;;
#ÑÑÛËÊÀ!;Ppara;PPARA;decrease;decreased gene expression;mRNA;lung;mouse;C57BL/6J;n/a;n/a;;n/a;n/a;18;26;n/a;n/a;months;10.1089/jir.2017.0049;n/a;;;;;
#ÑÑÛËÊÀ!;Ppara;PPARA;decrease;decreased gene expression;mRNA;lung;mouse;C57BL/6;both;-44,00;;n/a;n/a;3;20;n/a;n/a;months;10.1111%2Facel.13238;n/a;;;;;
#ÑÑÛËÊÀ!;Ppargc1a;PPARGC1A;decrease;decreased gene expression;mRNA;lung;mouse;C57BL/6;both;-70,00;;n/a;n/a;4;24;n/a;n/a;months;10.1079/pns2002173;n/a;;;;;
#ÑÑÛËÊÀ!;Ppargc1a;PPARGC1A;decrease;decreased gene expression;mRNA;lung;mouse;C57BL/6;both;-64,00;;n/a;n/a;4;24;n/a;n/a;months;10.1079/pns2002173;n/a;;;;;
#ÑÑÛËÊÀ!;Ppargc1a;PPARGC1A;decrease;decreased gene expression;mRNA;lung;mouse;C57BL/6;both;-39,00;;n/a;n/a;4;24;n/a;n/a;months;10.1079/pns2002173;n/a;;;;;
#ÑÑÛËÊÀ!;Ppargc1a;PPARGC1A;decrease;decreased gene expression;mRNA;lung;mouse;C57BL/6;both;-60,00;;n/a;n/a;4;24;n/a;n/a;months;10.1079/pns2002173;n/a;;;;;
#ÑÑÛËÊÀ!;Ppm1d;PPM1D;decrease;decreased gene expression;mRNA;megakaryocyte progenitors;mouse;C57BL/6;both;-50,00;;n/a;n/a;2;24;n/a;n/a;months;10.1016/j.devcel.2009.05.009;n/a;;;;;
#ÑÑÛËÊÀ!;Rad51;RAD51;decrease;decreased gene expression;mRNA;microglia;mouse;FVB;female;-90,00;;n/a;n/a;1;12;n/a;n/a;months;10.1126/scitranslmed.3004925;n/a;;;;;
#ÑÑÛËÊÀ!;Ralb;RALB;increase;increased gene expression;mRNA;microglia;mouse;C57BL/6J;n/a;n/a;;n/a;n/a;2;30;n/a;n/a;months;10.18632/aging.102345;n/a;;;;;
#ÑÑÛËÊÀ!;Rela;RELA;increase;increased gene expression;mRNA;microglia;mouse;C57BL/6;male;12,00;;n/a;n/a;3;27;n/a;n/a;months;10.18632/aging.101655;n/a;;;;;
#ÑÑÛËÊÀ!;Ret;RET;decrease;decreased gene expression;mRNA;muscle;mouse;C57BL/6;n/a;n/a;;n/a;n/a;4;20;n/a;n/a;months;10.3389/fnagi.2017.00393;n/a;;;;;
#ÑÑÛËÊÀ!;Ret;RET;increase;increased gene expression;mRNA;muscle;mouse;C57BL/6;male;35,00;;n/a;n/a;1.5;24;n/a;n/a;months;10.1016/j.neurobiolaging.2005.04.009;n/a;;;;;
#ÑÑÛËÊÀ!;Sfrp1;SFRP1;increase;increased gene expression;mRNA;muscle;mouse;C57BL/6J;male;55,00;;n/a;n/a;5;24;n/a;n/a;months;10.1007/s11357-014-9618-3;n/a;;;;;
#ÑÑÛËÊÀ!;Sfrp1;SFRP1;increase;increased gene expression;mRNA;muscle;mouse;C57BL/6J;male;140,00;;n/a;n/a;5;36;n/a;n/a;months;10.1007/s11357-014-9618-3;n/a;;;;;
#ÑÑÛËÊÀ!;Sfrp2;SFRP2;decrease;decreased gene expression;mRNA;muscle;mouse;C57BL/6J;male;-55,00;;n/a;n/a;5;24;n/a;n/a;months;10.1007/s11357-014-9618-3;n/a;;;;;
#ÑÑÛËÊÀ!;Sfrp2;SFRP2;increase;increased gene expression;mRNA;muscle;mouse;C57BL/6J;male;49,00;;n/a;n/a;24;36;n/a;n/a;months;10.1007/s11357-014-9618-3;n/a;;;;;
#ÑÑÛËÊÀ!;Sirt2;SIRT2;decrease;decreased gene expression;mRNA;muscle;mouse;C57BL/6J;both;-33,00;;n/a;n/a;3;20;n/a;n/a;months;10.1152/ajpheart.00735.2012;n/a;;;;;
#ÑÑÛËÊÀ!;Sirt2;SIRT2;increase;increased gene expression;mRNA;muscle;mouse;CBA/J;both;64,00;;n/a;n/a;2;22;n/a;n/a;months;10.3109/00016489.2015.1093172;n/a;;;;;
#ÑÑÛËÊÀ!;Sirt2;SIRT2;increase;increased gene expression;mRNA;muscle;mouse;n/a;both;42,00;;n/a;n/a;2;22;n/a;n/a;months;10.3109/00016489.2015.1093172;n/a;;;;;
#ÑÑÛËÊÀ!;Sirt3;SIRT3;decrease;decreased gene expression;mRNA;muscle;mouse;C57BL/6J;both;-70,00;;n/a;n/a;3;21;n/a;n/a;months;10.1016/j.celrep.2013.01.005;n/a;;;;;
#ÑÑÛËÊÀ!;Sirt3;SIRT3;decrease;decreased gene expression;mRNA;muscle;mouse;C57BL/6J;both;-44,00;;n/a;n/a;3;20;n/a;n/a;months;10.1152/ajpheart.00735.2012;n/a;;;;;
#ÑÑÛËÊÀ!;Sirt3;SIRT3;decrease;decreased gene expression;mRNA;muscle;mouse;CBA/J;both;-36,80;;n/a;n/a;2;22;n/a;n/a;months;10.3109/00016489.2015.1093172;n/a;;;;;
#ÑÑÛËÊÀ!;Sirt4;SIRT4;decrease;decreased gene expression;mRNA;muscle;mouse;C57BL/6J;both;-25,70;;n/a;n/a;3;20;n/a;n/a;months;10.1152/ajpheart.00735.2012;n/a;;;;;
#ÑÑÛËÊÀ!;Sirt4;SIRT4;increase;increased gene expression;mRNA;muscle;mouse;CBA/J;both;32,70;;n/a;n/a;2;22;n/a;n/a;months;10.3109/00016489.2015.1093172;n/a;;;;;
#ÑÑÛËÊÀ!;Sirt4;SIRT4;increase;increased gene expression;mRNA;muscle;mouse;CBA/J;both;50,40;;n/a;n/a;2;22;n/a;n/a;months;10.3109/00016489.2015.1093172;n/a;;;;;
#ÑÑÛËÊÀ!;Sirt4;SIRT4;increase;increased gene expression;mRNA;muscle;mouse;C57BL/6N;male;68,00;;n/a;n/a;12;36;n/a;n/a;weeks;10.3389/fgene.2015.00281;n/a;;;;;
#ÑÑÛËÊÀ!;Sirt4;SIRT4;increase;increased gene expression;mRNA;muscle;mouse;C57BL/6N;male;54,00;;n/a;n/a;12;52;n/a;n/a;weeks;10.3389/fgene.2015.00281;n/a;;;;;
#ÑÑÛËÊÀ!;Sirt5;SIRT5;decrease;decreased gene expression;mRNA;muscle;mouse;CBA/J;both;-23,80;;n/a;n/a;2;22;n/a;n/a;months;10.3109/00016489.2015.1093172;n/a;;;;;
#ÑÑÛËÊÀ!;Sirt5;SIRT5;increase;increased gene expression;mRNA;muscle;mouse;CBA/J;both;30,40;;n/a;n/a;2;22;n/a;n/a;months;10.3109/00016489.2015.1093172;n/a;;;;;
#ÑÑÛËÊÀ!;Sirt6;SIRT6;decrease;decreased gene expression;mRNA;muscle;mouse;C57BL/6J;both;-50,00;;n/a;n/a;3;20;n/a;n/a;months;10.1152/ajpheart.00735.2012;n/a;;;;;
#ÑÑÛËÊÀ!;Sirt6;SIRT6;increase;increased gene expression;mRNA;muscle;mouse;C57BL/6J;both;20,00;;n/a;n/a;3;20;n/a;n/a;months;10.1152/ajpheart.00735.2012;n/a;;;;;
#ÑÑÛËÊÀ!;Sirt6;SIRT6;increase;increased gene expression;mRNA;muscle;mouse;CBA/J;both;28,80;;n/a;n/a;2;22;n/a;n/a;months;10.3109/00016489.2015.1093172;n/a;;;;;
#ÑÑÛËÊÀ!;Sirt6;SIRT6;increase;increased gene expression;mRNA;muscle;mouse;CBA/J;both;58,80;;n/a;n/a;2;22;n/a;n/a;months;10.3109/00016489.2015.1093172;n/a;;;;;
#ÑÑÛËÊÀ!;Sirt7;SIRT7;decrease;decreased gene expression;mRNA;muscle;mouse;C57BL/6J;both;-20,00;;n/a;n/a;3;20;n/a;n/a;months;10.1152/ajpheart.00735.2012;n/a;;;;;
#ÑÑÛËÊÀ!;Sirt7;SIRT7;increase;increased gene expression;mRNA;muscle;mouse;C57BL/6J;both;21,60;;n/a;n/a;3;20;n/a;n/a;months;10.1152/ajpheart.00735.2012;n/a;;;;;
#ÑÑÛËÊÀ!;Sirt7;SIRT7;increase;increased gene expression;mRNA;muscle;mouse;CBA/J;both;186,00;;n/a;n/a;2;22;n/a;n/a;months;10.3109/00016489.2015.1093172;n/a;;;;;
#ÑÑÛËÊÀ!;Sirt7;SIRT7;increase;increased gene expression;mRNA;muscle;mouse;CBA/J;both;42,80;;n/a;n/a;2;22;n/a;n/a;months;10.3109/00016489.2015.1093172;n/a;;;;;
#ÑÑÛËÊÀ!;Sirt7;SIRT7;increase;increased gene expression;mRNA;muscle;mouse;CBA/J;both;186,00;;n/a;n/a;2;22;n/a;n/a;months;10.3109/00016489.2015.1093172;n/a;;;;;
#ÑÑÛËÊÀ!;Sirt7;SIRT7;increase;increased gene expression;mRNA;muscle;mouse;CBA/J;both;42,80;;n/a;n/a;2;22;n/a;n/a;months;10.3109/00016489.2015.1093172;n/a;;;;;
#ÑÑÛËÊÀ!;Slc19a1;SLC19A1;decrease;decreased gene expression;mRNA;muscle;mouse;C57BL/6;male;-55,00;;n/a;n/a;3;28;n/a;n/a;months;10.1007/s11357-020-00177-1;n/a;;;;;
#ÑÑÛËÊÀ!;Slc19a1;SLC19A1;decrease;decreased gene expression;mRNA;muscle;mouse;wild type;both;-92,50;;n/a;n/a;6;18;n/a;n/a;months;10.7554/eLife.62585;n/a;;;;;
#ÑÑÛËÊÀ!;Snai1;SNAI1;increase;increased gene expression;mRNA;muscle;mouse;C57BL/6J;n/a;n/a;;n/a;n/a;6;12;n/a;n/a;months;10.18632/aging.101439;n/a;;;;;
#ÑÑÛËÊÀ!;Snai2;SNAI2;decrease;decreased gene expression;mRNA;muscle;mouse;mixed;both;-60,00;;n/a;n/a;3;24;n/a;n/a;months;10.1038/s41467-019-10479-4;n/a;;;;;
#ÑÑÛËÊÀ!;Sncg;SNCG;increase;increased gene expression;mRNA;muscle;mouse;C57BL/6J;male;88,00;;n/a;n/a;2;4;n/a;n/a;months;10.1186/s12974-020-01774-9;n/a;;;;;
#ÑÑÛËÊÀ!;Sncg;SNCG;increase;increased gene expression;mRNA;muscle;mouse;C57BL/6J;male;278,00;;n/a;n/a;2;6;n/a;n/a;months;10.1186/s12974-020-01774-9;n/a;;;;;
#ÑÑÛËÊÀ!;Sncg;SNCG;increase;increased gene expression;mRNA;muscle;mouse;C57BL/6;both;100,00;;n/a;n/a;4;52;n/a;n/a;weeks;10.7717/peerj.9737;n/a;;;;;
#ÑÑÛËÊÀ!;Sp1;SP1;increase;increased gene expression;mRNA;muscle;mouse;C57BL/6;both;400,00;;n/a;n/a;5;630;n/a;n/a;days;10.3233/JAD-2009-1138;n/a;;;;;
#ÑÑÛËÊÀ!;Spp1;SPP1;decrease;decreased gene expression;mRNA;muscle;mouse;C57BL/6;both;-68,00;;n/a;n/a;2;22;n/a;n/a;months;10.1038/s41598-018-21324-x;n/a;;;;;
#ÑÑÛËÊÀ!;Sstr1;SSTR1;increase;increased gene expression;mRNA;muscle;mouse;wild type;female;154,00;;n/a;n/a;n/a;18;n/a;n/a;months;10.1210/en.2003-0646;n/a;;;;;
#ÑÑÛËÊÀ!;Sstr3;SSTR3;increase;increased gene expression;mRNA;muscle;mouse;wild type;female;70,00;;n/a;n/a;n/a;18;n/a;n/a;months;10.1210/en.2003-0646;n/a;;;;;
#ÑÑÛËÊÀ!;Sub1;SUB1;increase;increased gene expression;mRNA;muscle;mouse;C57BL/6;both;380,00;;n/a;n/a;2;24;n/a;n/a;months;10.1111/acel.13370;n/a;;;;;
#ÑÑÛËÊÀ!;Sub1;SUB1;increase;increased gene expression;mRNA;muscle;mouse;C57BL/6;both;80,00;;n/a;n/a;2;24;n/a;n/a;months;10.1111/acel.13370;n/a;;;;;
#ÑÑÛËÊÀ!;Sub1;SUB1;increase;increased gene expression;mRNA;muscle;mouse;C57BL/6;both;190,00;;n/a;n/a;2;24;n/a;n/a;months;10.1111/acel.13370;n/a;;;;;
#ÑÑÛËÊÀ!;Sub1;SUB1;increase;increased gene expression;mRNA;muscle;mouse;C57BL/6;both;180,00;;n/a;n/a;2;12;n/a;n/a;months;10.1111/acel.13370;n/a;;;;;
#ÑÑÛËÊÀ!;Sub1;SUB1;increase;increased gene expression;mRNA;muscle;mouse;C57BL/6;both;50,00;;n/a;n/a;2;12;n/a;n/a;months;10.1111/acel.13370;n/a;;;;;
#ÑÑÛËÊÀ!;Sub1;SUB1;increase;increased gene expression;mRNA;muscle;mouse;C57BL/6;both;110,00;;n/a;n/a;2;12;n/a;n/a;months;10.1111/acel.13370;n/a;;;;;
#ÑÑÛËÊÀ!;Tcf3;TCF3;decrease;decreased gene expression;mRNA;muscle;mouse;C57BL/6J;male;-70,00;;n/a;n/a;5;24;n/a;n/a;months;10.1007/s11357-014-9618-3;n/a;;;;;
#ÑÑÛËÊÀ!;Tcf3;TCF3;decrease;decreased gene expression;mRNA;muscle;mouse;C57BL/6J;male;-35,00;;n/a;n/a;5;36;n/a;n/a;months;10.1007/s11357-014-9618-3;n/a;;;;;
#ÑÑÛËÊÀ!;Tcf3;TCF3;decrease;decreased gene expression;mRNA;muscle;mouse;C57BL/6J;male;-60,00;;n/a;n/a;5;36;n/a;n/a;months;10.1007/s11357-014-9618-3;n/a;;;;;
#ÑÑÛËÊÀ!;Terc;TERC;decrease;decreased gene expression;mRNA;nerve;mouse;BALB/c;female;-69,00;;n/a;n/a;5.5;17;n/a;n/a;weeks;10.1007/s10815-020-01932-1;n/a;;;;;
#ÑÑÛËÊÀ!;Terc;TERC;decrease;decreased gene expression;mRNA;nociceptive neurons;mouse;BALB/c;female;-10,00;;n/a;n/a;17;60;n/a;n/a;weeks;10.1007/s10815-020-01932-1;n/a;;;;;
#ÑÑÛËÊÀ!;Terf1;TERF1;decrease;decreased gene expression;mRNA;oocytes;mouse;BALB/c;female;-10,00;;n/a;n/a;5.5;17;n/a;n/a;weeks;10.1007/s10815-020-01932-1;n/a;;;;;
#ÑÑÛËÊÀ!;Terf1;TERF1;decrease;decreased gene expression;mRNA;ovarian mural granulosa cells;mouse;C57BL/6;both;-60,00;;n/a;n/a;6;57;n/a;n/a;weeks;10.1111/acel.12677;n/a;;;;;
#ÑÑÛËÊÀ!;Terf1;TERF1;decrease;decreased gene expression;mRNA;ovary;mouse;C57BL/6;both;-50,00;;n/a;n/a;6;89;n/a;n/a;weeks;10.1111/acel.12677;n/a;;;;;
#ÑÑÛËÊÀ!;Terf1;TERF1;increase;increased gene expression;mRNA;osteocytes;mouse;BALB/c;female;12,00;;n/a;n/a;17;60;n/a;n/a;weeks;10.1007/s10815-020-01932-1;n/a;;;;;
#ÑÑÛËÊÀ!;Terf2;TERF2;decrease;decreased gene expression;mRNA;ovary;mouse;BALB/c;female;-27,00;<0.05;n/a;n/a;5.5;17;n/a;n/a;weeks;10.1007/s10815-020-01932-1;n/a;;;;;
#ÑÑÛËÊÀ!;Terf2;TERF2;increase;increased gene expression;mRNA;ovary;mouse;BALB/c;female;13,00;<0.05;n/a;n/a;17;60;n/a;n/a;weeks;10.1007/s10815-020-01932-1;n/a;;;;;
#ÑÑÛËÊÀ!;Timp1;TIMP1;increase;increased gene expression;mRNA;ovary;mouse;NIH;both;186,00;;n/a;n/a;3;12;n/a;n/a;months;10.1093/gerona/61.11.1130;n/a;;;;;
#ÑÑÛËÊÀ!;Timp1;TIMP1;increase;increased gene expression;mRNA;ovary;mouse;NIH;both;500,00;;n/a;n/a;3;24;n/a;n/a;months;10.1093/gerona/61.11.1130;n/a;;;;;
#ÑÑÛËÊÀ!;Timp2;TIMP2;increase;increased gene expression;mRNA;ovary;mouse;NIH;both;76,00;;n/a;n/a;3;12;n/a;n/a;months;10.1093/gerona/61.11.1130;n/a;;;;;
#ÑÑÛËÊÀ!;Timp2;TIMP2;increase;increased gene expression;mRNA;ovary;mouse;NIH;both;151,00;;n/a;n/a;3;24;n/a;n/a;months;10.1093/gerona/61.11.1130;n/a;;;;;
#ÑÑÛËÊÀ!;Tle1;TLE1;decrease;decreased gene expression;mRNA;ovary;mouse;C57BL/6J;male;-50,00;;n/a;n/a;5;36;n/a;n/a;months;10.1007/s11357-014-9618-3;n/a;;;;;
#ÑÑÛËÊÀ!;Tmprss2;TMPRSS2;increase;increased gene expression;mRNA;ovary;mouse;C57BL/6;male;200,00;;n/a;n/a;4;24;n/a;n/a;months;10.1371/journal.pone.0012501;n/a;;;;;
#ÑÑÛËÊÀ!;Tp53;TP53;increase;increased gene expression;mRNA;ovary;mouse;C57BL/6;male;40,00;;n/a;n/a;5;25;n/a;n/a;months;10.1186/1471-2164-8-80;n/a;;;;;
#ÑÑÛËÊÀ!;Tp53;TP53;increase;increased gene expression;mRNA;ovary;mouse;C57BL/6;male;30,00;;n/a;n/a;5;25;n/a;n/a;months;10.1186/1471-2164-8-80;n/a;;;;;
#ÑÑÛËÊÀ!;Trpv1;TRPV1;increase;increased gene expression;mRNA;ovary;mouse;C57BL/6J;male;170,00;;n/a;n/a;1;18;n/a;n/a;months;10.1111/acel.12795;n/a;;;;;
#ÑÑÛËÊÀ!;Ucp1;UCP1;decrease;decreased gene expression;mRNA;ovary;mouse;C57BL/6J;male;-99,60;;n/a;n/a;3;12;n/a;n/a;months;10.1111/acel.12010;n/a;;;;;
#ÑÑÛËÊÀ!;Ucp1;UCP1;decrease;decreased gene expression;mRNA;pancreas;mouse;C57BL/6J;male;-40,00;;n/a;n/a;4;22;n/a;n/a;months;10.1111/j.1474-9726.2011.00740.x;n/a;;;;;
#ÑÑÛËÊÀ!;Ucp1;UCP1;decrease;decreased gene expression;mRNA;pancreas;mouse;C57BL/6;both;-38,00;;n/a;n/a;10;30;n/a;n/a;weeks;10.14814/phy2.13445;n/a;;;;;
#ÑÑÛËÊÀ!;Ucp1;UCP1;decrease;decreased gene expression;mRNA;pancreas;mouse;C57BL/6;both;-49,00;;n/a;n/a;15;30;n/a;n/a;weeks;10.14814/phy2.13445;n/a;;;;;
#ÑÑÛËÊÀ!;Ucp1;UCP1;increase;increased gene expression;mRNA;pancreas;mouse;C57BL/6;both;20,00;;n/a;n/a;10;15;n/a;n/a;weeks;10.14814/phy2.13445;n/a;;;;;
#ÑÑÛËÊÀ!;Ucp2;UCP2;decrease;decreased gene expression;mRNA;pancreas;mouse;C57BL/6;both;-71,00;<0.05;n/a;n/a;2;60;n/a;n/a;days;10.1002/sctm.20-0123;n/a;;;;;
#ÑÑÛËÊÀ!;Ucp2;UCP2;decrease;decreased gene expression;mRNA;pancreatic islets;mouse;C57BL/6;both;-94,00;n/a;n/a;n/a;2;24;n/a;n/a;months;10.1002/sctm.20-0123;n/a;;;;;
#ÑÑÛËÊÀ!;Ucp3;UCP3;decrease;decreased gene expression;mRNA;pancreatic islets;mouse;C57BL/6;both;-67,00;;n/a;n/a;15;30;n/a;n/a;weeks;10.14814/phy2.13445;n/a;;;;;
#ÑÑÛËÊÀ!;Ucp3;UCP3;increase;increased gene expression;mRNA;pancreatic islets;mouse;C57BL/6;both;100,00;;n/a;n/a;10;15;n/a;n/a;weeks;10.14814/phy2.13445;n/a;;;;;
#ÑÑÛËÊÀ!;Uros;UROS;decrease;decreased gene expression;mRNA;pancreatic islets;mouse;n/a;n/a;n/a;;n/a;n/a;n/a;n/a;n/a;n/a;n/a;10.18632/aging.202648;n/a;;;;;
#ÑÑÛËÊÀ!;Vegfa;VEGFA;decrease;decreased gene expression;mRNA;pancreatic islets;mouse;C57BL/6J;n/a;n/a;;n/a;n/a;3;24;n/a;n/a;months;10.1016/j.exger.2004.06.003;n/a;;;;;
#ÑÑÛËÊÀ!;Vegfa;VEGFA;decrease;decreased gene expression;mRNA;pancreatic islets;mouse;ICR;male;-53,00;;n/a;n/a;11;65;n/a;n/a;weeks;10.1016/j.exger.2005.01.009;n/a;;;;;
#ÑÑÛËÊÀ!;Vegfa;VEGFA;decrease;decreased gene expression;mRNA;pancreatic islets;mouse;CD1;female;-25,00;;n/a;n/a;2.5;22;n/a;n/a;months;10.1016/j.exger.2005.10.003;n/a;;;;;
#ÑÑÛËÊÀ!;Wif1;WIF1;decrease;decreased gene expression;mRNA;pancreatic islets;mouse;C57BL/6J;male;-50,00;;n/a;n/a;5;24;n/a;n/a;months;10.1007/s11357-014-9618-3;n/a;;;;;
#ÑÑÛËÊÀ!;Wif1;WIF1;decrease;decreased gene expression;mRNA;pancreatic islets;mouse;C57BL/6J;male;-60,00;;n/a;n/a;5;36;n/a;n/a;months;10.1007/s11357-014-9618-3;n/a;;;;;
#ÑÑÛËÊÀ!;Wnt1;WNT1;decrease;decreased gene expression;mRNA;pancreatic islets;mouse;C57BL/6J;male;-50,00;ns;n/a;n/a;1.5;6;n/a;n/a;months;10.1007/s11357-008-9069-9;n/a;;;;;
#ÑÑÛËÊÀ!;Wnt1;WNT1;decrease;decreased gene expression;mRNA;pancreatic islets;mouse;C57BL/6J;male;-75,00;<0.005;n/a;n/a;1.5;18;n/a;n/a;months;10.1007/s11357-008-9069-9;n/a;;;;;
#ÑÑÛËÊÀ!;Wnt1;WNT1;decrease;decreased gene expression;mRNA;pancreatic islets;mouse;C57BL/6J;male;-50,00;;n/a;n/a;5;36;n/a;n/a;months;10.1007/s11357-014-9618-3;n/a;;;;;
#ÑÑÛËÊÀ!;Wnt10a;WNT10A;decrease;decreased gene expression;mRNA;pancreatic islets;mouse;C57BL/6J;male;-60,00;;n/a;n/a;5;36;n/a;n/a;months;10.1007/s11357-014-9618-3;n/a;;;;;
#ÑÑÛËÊÀ!;Wnt10a;WNT10A;decrease;decreased gene expression;mRNA;pancreatic islets;mouse;C57BL/6J;male;-24,00;;n/a;n/a;5;24;n/a;n/a;months;10.1007/s11357-014-9618-3;n/a;;;;;
#ÑÑÛËÊÀ!;Wnt10a;WNT10A;decrease;decreased gene expression;mRNA;pancreatic islets;mouse;C57BL/6J;male;-80,00;;n/a;n/a;5;36;n/a;n/a;months;10.1007/s11357-014-9618-3;n/a;;;;;
#ÑÑÛËÊÀ!;Wnt10a;WNT10A;increase;increased gene expression;mRNA;pancreatic islets;mouse;C57BL/6J;male;1 100,00;;n/a;n/a;5;36;n/a;n/a;months;10.1007/s11357-014-9618-3;n/a;;;;;
#ÑÑÛËÊÀ!;Wnt10b;WNT10B;decrease;decreased gene expression;mRNA;pancreatic islets;mouse;C57BL/6J;male;-95,00;<0.005;n/a;n/a;1.5;6;n/a;n/a;months;10.1007/s11357-008-9069-9;n/a;;;;;
#ÑÑÛËÊÀ!;Wnt10b;WNT10B;decrease;decreased gene expression;mRNA;pancreatic ?-cells;mouse;C57BL/6J;male;-75,00;<0.05;n/a;n/a;1.5;18;n/a;n/a;months;10.1007/s11357-008-9069-9;n/a;;;;;
#ÑÑÛËÊÀ!;Wnt10b;WNT10B;decrease;decreased gene expression;mRNA;pancreatic ?-cells;mouse;DBA/2JNIA;female;-64,00;;n/a;n/a;8;23;n/a;n/a;months;10.1091/mbc.E04-08-0720;n/a;;;;;
#ÑÑÛËÊÀ!;Wnt11;WNT11;decrease;decreased gene expression;mRNA;pituitary;mouse;C57BL/6J;male;-40,00;;n/a;n/a;5;36;n/a;n/a;months;10.1007/s11357-014-9618-3;n/a;;;;;
#ÑÑÛËÊÀ!;Wnt11;WNT11;decrease;decreased gene expression;mRNA;pituitary;mouse;C57BL/6J;male;-70,00;;n/a;n/a;5;24;n/a;n/a;months;10.1007/s11357-014-9618-3;n/a;;;;;
#ÑÑÛËÊÀ!;Wnt11;WNT11;increase;increased gene expression;mRNA;plasma;mouse;C57BL/6J;male;14,00;;n/a;n/a;5;36;n/a;n/a;months;10.1007/s11357-014-9618-3;n/a;;;;;
#ÑÑÛËÊÀ!;Wnt11;WNT11;increase;increased gene expression;mRNA;plasma;mouse;C57BL/6J;male;36,00;;n/a;n/a;5;36;n/a;n/a;months;10.1007/s11357-014-9618-3;n/a;;;;;
#ÑÑÛËÊÀ!;Wnt11;WNT11;increase;increased gene expression;mRNA;plasma;mouse;C57BL/6J;male;50,00;;n/a;n/a;5;24;n/a;n/a;months;10.1007/s11357-014-9618-3;n/a;;;;;
#ÑÑÛËÊÀ!;Wnt11;WNT11;increase;increased gene expression;mRNA;prefrontal;mouse;C57BL/6J;male;230,00;;n/a;n/a;5;36;n/a;n/a;months;10.1007/s11357-014-9618-3;n/a;;;;;
#ÑÑÛËÊÀ!;Wnt16;WNT16;decrease;decreased gene expression;mRNA;preoptic area;mouse;C57BL/6J;male;-20,00;;n/a;n/a;5;36;n/a;n/a;months;10.1007/s11357-014-9618-3;n/a;;;;;
#ÑÑÛËÊÀ!;Wnt16;WNT16;decrease;decreased gene expression;mRNA;preoptic area;mouse;C57BL/6;male;-55,00;;n/a;n/a;0.5;20;n/a;n/a;months;10.1371/journal.pone.0140260;n/a;;;;;
#ÑÑÛËÊÀ!;Wnt16;WNT16;decrease;decreased gene expression;mRNA;prostate;mouse;C57BL/6;male;-70,00;;n/a;n/a;0.5;20;n/a;n/a;months;10.1371/journal.pone.0140260;n/a;;;;;
#ÑÑÛËÊÀ!;Wnt16;WNT16;decrease;decreased gene expression;mRNA;quadriceps muscle;mouse;C57BL/6;female;-45,00;;n/a;n/a;0.5;19;n/a;n/a;months;10.1371/journal.pone.0140260;n/a;;;;;
#ÑÑÛËÊÀ!;Wnt16;WNT16;decrease;decreased gene expression;mRNA;quadriceps muscle;mouse;C57BL/6;male;-25,00;;n/a;n/a;0.5;22;n/a;n/a;months;10.1371/journal.pone.0140260;n/a;;;;;
#ÑÑÛËÊÀ!;Wnt16;WNT16;increase;increased gene expression;mRNA;quadriceps muscle;mouse;C57BL/6;male;300,00;;n/a;n/a;0.5;22;n/a;n/a;months;10.1371/journal.pone.0140260;n/a;;;;;
#ÑÑÛËÊÀ!;Wnt16;WNT16;increase;increased gene expression;mRNA;quadriceps muscle;mouse;C57BL/6;female;20,00;;n/a;n/a;0.5;19;n/a;n/a;months;10.1371/journal.pone.0140260;n/a;;;;;
#ÑÑÛËÊÀ!;Wnt2;WNT2;decrease;decreased gene expression;mRNA;retina;mouse;C57BL/6J;male;-48,00;;n/a;n/a;5;36;n/a;n/a;months;10.1007/s11357-014-9618-3;n/a;;;;;
#ÑÑÛËÊÀ!;Wnt2;WNT2;decrease;decreased gene expression;mRNA;retina;mouse;C57BL/6J;male;-58,00;;n/a;n/a;5;36;n/a;n/a;months;10.1007/s11357-014-9618-3;n/a;;;;;
#ÑÑÛËÊÀ!;Wnt2;WNT2;decrease;decreased gene expression;mRNA;retina;mouse;C57BL/6J;male;-70,00;;n/a;n/a;5;36;n/a;n/a;months;10.1007/s11357-014-9618-3;n/a;;;;;
#ÑÑÛËÊÀ!;Wnt2;WNT2;decrease;decreased gene expression;mRNA;satellite cells;mouse;C57BL/6J;male;-74,00;;n/a;n/a;5;24;n/a;n/a;months;10.1007/s11357-014-9618-3;n/a;;;;;
#ÑÑÛËÊÀ!;Wnt2;WNT2;decrease;decreased gene expression;mRNA;skin;mouse;C57BL/6J;male;-12,00;;n/a;n/a;5;36;n/a;n/a;months;10.1007/s11357-014-9618-3;n/a;;;;;
#ÑÑÛËÊÀ!;Wnt2;WNT2;increase;increased gene expression;mRNA;retina;mouse;C57BL/6J;male;10,00;;n/a;n/a;5;24;n/a;n/a;months;10.1007/s11357-014-9618-3;n/a;;;;;
#ÑÑÛËÊÀ!;Wnt2b;WNT2B;decrease;decreased gene expression;mRNA;skin;mouse;C57BL/6J;male;-15,00;;n/a;n/a;5;36;n/a;n/a;months;10.1007/s11357-014-9618-3;n/a;;;;;
#ÑÑÛËÊÀ!;Wnt2b;WNT2B;decrease;decreased gene expression;mRNA;skin;mouse;C57BL/6J;male;-50,00;;n/a;n/a;5;36;n/a;n/a;months;10.1007/s11357-014-9618-3;n/a;;;;;
#ÑÑÛËÊÀ!;Wnt2b;WNT2B;decrease;decreased gene expression;mRNA;skin;mouse;C57BL/6J;male;-35,00;;n/a;n/a;5;24;n/a;n/a;months;10.1007/s11357-014-9618-3;n/a;;;;;
#ÑÑÛËÊÀ!;Wnt2b;WNT2B;decrease;decreased gene expression;mRNA;skin;mouse;C57BL/6J;male;-20,00;;n/a;n/a;5;36;n/a;n/a;months;10.1007/s11357-014-9618-3;n/a;;;;;
#ÑÑÛËÊÀ!;Wnt2b;WNT2B;increase;increased gene expression;mRNA;skin;mouse;C57BL/6J;male;15,00;;n/a;n/a;5;36;n/a;n/a;months;10.1007/s11357-014-9618-3;n/a;;;;;
#ÑÑÛËÊÀ!;Wnt2b;WNT2B;increase;increased gene expression;mRNA;skin;mouse;C57BL/6J;male;40,00;;n/a;n/a;5;24;n/a;n/a;months;10.1007/s11357-014-9618-3;n/a;;;;;
#ÑÑÛËÊÀ!;Wnt3;WNT3;decrease;decreased gene expression;mRNA;spermatogonial stem cells;mouse;C57BL/6;both;-65,00;;n/a;n/a;0.3;9;n/a;n/a;months;10.1096/fj.11-184697;n/a;;;;;
#ÑÑÛËÊÀ!;Wnt3;WNT3;increase;increased gene expression;mRNA;skin;mouse;C57BL/6J;male;11,00;;n/a;n/a;5;36;n/a;n/a;months;10.1007/s11357-014-9618-3;n/a;;;;;
#ÑÑÛËÊÀ!;Wnt3a;WNT3A;decrease;decreased gene expression;mRNA;spleen;mouse;C57BL/6J;male;-83,00;<0.05;n/a;n/a;1.5;6;n/a;n/a;months;10.1007/s11357-008-9069-9;n/a;;;;;
#ÑÑÛËÊÀ!;Wnt3a;WNT3A;decrease;decreased gene expression;mRNA;spleen;mouse;C57BL/6J;male;-75,00;ns;n/a;n/a;1.5;18;n/a;n/a;months;10.1007/s11357-008-9069-9;n/a;;;;;
#ÑÑÛËÊÀ!;Wnt3a;WNT3A;decrease;decreased gene expression;mRNA;spleen;mouse;C57BL/6J;male;-34,00;;n/a;n/a;5;36;n/a;n/a;months;10.1007/s11357-014-9618-3;n/a;;;;;
#ÑÑÛËÊÀ!;Wnt3a;WNT3A;decrease;decreased gene expression;mRNA;spleen;mouse;C57BL/6J;male;-35,00;;n/a;n/a;5;36;n/a;n/a;months;10.1007/s11357-014-9618-3;n/a;;;;;
#ÑÑÛËÊÀ!;Wnt3a;WNT3A;decrease;decreased gene expression;mRNA;spleen;mouse;C57BL/6;both;-85,00;;n/a;n/a;0.3;9;n/a;n/a;months;10.1096/fj.11-184697;n/a;;;;;
#ÑÑÛËÊÀ!;Wnt4;WNT4;decrease;decreased gene expression;mRNA;subcutaneous white adipose tissue;mouse;C57BL/6J;male;-50,00;;n/a;n/a;5;36;n/a;n/a;months;10.1007/s11357-014-9618-3;n/a;;;;;
#ÑÑÛËÊÀ!;Wnt4;WNT4;decrease;decreased gene expression;mRNA;testis;mouse;C57BL/6J;both;-90,00;;n/a;n/a;1;12;n/a;n/a;months;10.3892/mmr.2015.4343;n/a;;;;;
#ÑÑÛËÊÀ!;Wnt5a;WNT5A;decrease;decreased gene expression;mRNA;thymus;mouse;C57BL/6J;male;-60,00;;n/a;n/a;5;36;n/a;n/a;months;10.1007/s11357-014-9618-3;n/a;;;;;
#ÑÑÛËÊÀ!;Wnt5a;WNT5A;decrease;decreased gene expression;mRNA;thymus;mouse;C57BL/6J;male;-70,00;;n/a;n/a;5;24;n/a;n/a;months;10.1007/s11357-014-9618-3;n/a;;;;;
#ÑÑÛËÊÀ!;Wnt5a;WNT5A;decrease;decreased gene expression;mRNA;thymus;mouse;C57BL/6J;male;-20,00;;n/a;n/a;5;36;n/a;n/a;months;10.1007/s11357-014-9618-3;n/a;;;;;
#ÑÑÛËÊÀ!;Wnt5a;WNT5A;increase;increased gene expression;mRNA;testis;mouse;C57BL/6J;male;28,00;;n/a;n/a;5;36;n/a;n/a;months;10.1007/s11357-014-9618-3;n/a;;;;;
#ÑÑÛËÊÀ!;Wnt5a;WNT5A;increase;increased gene expression;mRNA;testis;mouse;C57BL/6J;male;20,00;;n/a;n/a;5;36;n/a;n/a;months;10.1007/s11357-014-9618-3;n/a;;;;;
#ÑÑÛËÊÀ!;Wnt5b;WNT5B;decrease;decreased gene expression;mRNA;thymus;mouse;C57BL/6J;male;-75,00;<0.05;n/a;n/a;1.5;6;n/a;n/a;months;10.1007/s11357-008-9069-9;n/a;;;;;
#ÑÑÛËÊÀ!;Wnt5b;WNT5B;decrease;decreased gene expression;mRNA;thymus;mouse;C57BL/6J;male;-64,00;<0.05;n/a;n/a;1.5;18;n/a;n/a;months;10.1007/s11357-008-9069-9;n/a;;;;;
#ÑÑÛËÊÀ!;Wnt5b;WNT5B;decrease;decreased gene expression;mRNA;thymus;mouse;C57BL/6J;male;-11,00;;n/a;n/a;5;36;n/a;n/a;months;10.1007/s11357-014-9618-3;n/a;;;;;
#ÑÑÛËÊÀ!;Wnt5b;WNT5B;decrease;decreased gene expression;mRNA;tibia;mouse;C57BL/6J;male;-50,00;;n/a;n/a;5;36;n/a;n/a;months;10.1007/s11357-014-9618-3;n/a;;;;;
#ÑÑÛËÊÀ!;Wnt5b;WNT5B;decrease;decreased gene expression;mRNA;tibia;mouse;C57BL/6J;male;-30,00;;n/a;n/a;5;24;n/a;n/a;months;10.1007/s11357-014-9618-3;n/a;;;;;
#ÑÑÛËÊÀ!;Wnt5b;WNT5B;decrease;decreased gene expression;mRNA;tibia;mouse;C57BL/6J;male;-17,00;;n/a;n/a;5;36;n/a;n/a;months;10.1007/s11357-014-9618-3;n/a;;;;;
#ÑÑÛËÊÀ!;Wnt5b;WNT5B;decrease;decreased gene expression;mRNA;tibia;mouse;DBA/2JNIA;female;-64,00;;n/a;n/a;8;23;n/a;n/a;months;10.1091/mbc.E04-08-0720;n/a;;;;;
#ÑÑÛËÊÀ!;Wnt5b;WNT5B;increase;increased gene expression;mRNA;thymus;mouse;C57BL/6J;male;9,00;;n/a;n/a;5;36;n/a;n/a;months;10.1007/s11357-014-9618-3;n/a;;;;;
#ÑÑÛËÊÀ!;Wnt5b;WNT5B;increase;increased gene expression;mRNA;thymus;mouse;C57BL/6J;male;15,00;;n/a;n/a;5;24;n/a;n/a;months;10.1007/s11357-014-9618-3;n/a;;;;;
#ÑÑÛËÊÀ!;Wnt6;WNT6;increase;increased gene expression;mRNA;tibia;mouse;C57BL/6J;male;10,00;;n/a;n/a;5;24;n/a;n/a;months;10.1007/s11357-014-9618-3;n/a;;;;;
#ÑÑÛËÊÀ!;Wnt6;WNT6;increase;increased gene expression;mRNA;tibia;mouse;C57BL/6J;male;1 350,00;;n/a;n/a;5;36;n/a;n/a;months;10.1007/s11357-014-9618-3;n/a;;;;;
#ÑÑÛËÊÀ!;Wnt6;WNT6;increase;increased gene expression;mRNA;tibia;mouse;C57BL/6J;male;100,00;;n/a;n/a;5;36;n/a;n/a;months;10.1007/s11357-014-9618-3;n/a;;;;;
#ÑÑÛËÊÀ!;Wnt7a;WNT7A;decrease;decreased gene expression;mRNA;tibia;mouse;C57BL/6J;male;-5,00;;n/a;n/a;5;36;n/a;n/a;months;10.1007/s11357-014-9618-3;n/a;;;;;
#ÑÑÛËÊÀ!;Wnt7a;WNT7A;decrease;decreased gene expression;mRNA;tibia;mouse;C57BL/6J;male;-99,00;;n/a;n/a;5;24;n/a;n/a;months;10.1007/s11357-014-9618-3;n/a;;;;;
#ÑÑÛËÊÀ!;Wnt7a;WNT7A;decrease;decreased gene expression;mRNA;vaginal tissue;mouse;C57BL/6J;male;-17,00;;n/a;n/a;5;36;n/a;n/a;months;10.1007/s11357-014-9618-3;n/a;;;;;
#ÑÑÛËÊÀ!;Wnt7b;WNT7B;decrease;decreased gene expression;mRNA;vascular smooth muscle cells;mouse;C57BL/6;both;-96,00;<0.001;2;n/a;n/a;24;6;n/a;months;10.1002/stem.3192;n/a;;;;;
#ÑÑÛËÊÀ!;Wnt7b;WNT7B;decrease;decreased gene expression;mRNA;vascular smooth muscle cells;mouse;C57BL/6J;male;-60,00;ns;n/a;n/a;1.5;6;n/a;n/a;months;10.1007/s11357-008-9069-9;n/a;;;;;
#ÑÑÛËÊÀ!;Wnt7b;WNT7B;decrease;decreased gene expression;mRNA;ventricles;mouse;C57BL/6J;male;-80,00;<0.05;n/a;n/a;1.5;18;n/a;n/a;months;10.1007/s11357-008-9069-9;n/a;;;;;
#ÑÑÛËÊÀ!;Wnt7b;WNT7B;decrease;decreased gene expression;mRNA;ventricular cardiomyocytes;mouse;C57BL/6J;male;-34,00;;n/a;n/a;5;36;n/a;n/a;months;10.1007/s11357-014-9618-3;n/a;;;;;
#ÑÑÛËÊÀ!;Wnt7b;WNT7B;decrease;decreased gene expression;mRNA;vestibular end organs;mouse;C57BL/6J;male;-90,00;;n/a;n/a;5;36;n/a;n/a;months;10.1007/s11357-014-9618-3;n/a;;;;;
#ÑÑÛËÊÀ!;Wnt7b;WNT7B;increase;increased gene expression;mRNA;vestibular end organs;mouse;C57BL/6J;male;50,00;;n/a;n/a;5;36;n/a;n/a;months;10.1007/s11357-014-9618-3;n/a;;;;;
#ÑÑÛËÊÀ!;Wnt7b;WNT7B;increase;increased gene expression;mRNA;vestibular end organs;mouse;C57BL/6;male;80,00;;n/a;n/a;5;60;n/a;n/a;months;10.1073/pnas.1904980116;n/a;;;;;
#ÑÑÛËÊÀ!;Wnt9a;WNT9A;decrease;decreased gene expression;mRNA;vestibular end organs;mouse;C57BL/6J;male;-54,00;;n/a;n/a;5;36;n/a;n/a;months;10.1007/s11357-014-9618-3;n/a;;;;;
#ÑÑÛËÊÀ!;Wnt9a;WNT9A;decrease;decreased gene expression;mRNA;vestibular end organs;mouse;C57BL/6J;male;-20,00;;n/a;n/a;5;36;n/a;n/a;months;10.1007/s11357-014-9618-3;n/a;;;;;
#ÑÑÛËÊÀ!;Wnt9a;WNT9A;decrease;decreased gene expression;mRNA;white adipose tissue;mouse;C57BL/6J;male;-20,00;;n/a;n/a;5;36;n/a;n/a;months;10.1007/s11357-014-9618-3;n/a;;;;;
#ÑÑÛËÊÀ!;Wnt9a;WNT9A;increase;increased gene expression;mRNA;vestibular end organs;mouse;C57BL/6J;male;70,00;;n/a;n/a;5;24;n/a;n/a;months;10.1007/s11357-014-9618-3;n/a;;;;;
#ÑÑÛËÊÀ!;Wnt9b;WNT9B;decrease;decreased gene expression;mRNA;white visceral adipose;mouse;C57BL/6J;male;-50,00;ns;n/a;n/a;1.5;6;n/a;n/a;months;10.1007/s11357-008-9069-9;n/a;;;;;
#ÑÑÛËÊÀ!;Wnt9b;WNT9B;decrease;decreased gene expression;mRNA;white visceral adipose;mouse;C57BL/6J;male;-63,00;<0.01;n/a;n/a;1.5;18;n/a;n/a;months;10.1007/s11357-008-9069-9;n/a;;;;;
#ÑÑÛËÊÀ!;Zfyve9;ZFYVE9;decrease;decreased gene expression;mRNA;white visceral adipose;mouse;C57BL/6;both;-14,00;;n/a;n/a;3;30;n/a;n/a;months;10.1038/ncb1866;n/a;;;;;
#ÑÑÛËÊÀ!;Zfyve9;ZFYVE9;decrease;decreased gene expression;mRNA;whole organism;mouse;C57BL/6;both;-11,00;;n/a;n/a;3;30;n/a;n/a;months;10.1038/ncb1866;n/a;;;;;
#ÑÑÛËÊÀ!;Zfyve9;ZFYVE9;decrease;decreased gene expression;mRNA;ìèîáëàñòû;mouse;C57BL/6;both;-19,00;;n/a;n/a;3;30;n/a;n/a;months;10.1038/ncb1866;n/a;;;;;
#ÑÑÛËÊÀ!;Zfyve9;ZFYVE9;decrease;decreased gene expression;mRNA;ìèîáëàñòû;mouse;C57BL/6;both;-21,00;;n/a;n/a;3;30;n/a;n/a;months;10.1038/ncb1866;n/a;;;;;
